Governorate,Timestamp,Demand_Actual,Demand_Forecast_BiLSTM,temperature_2m
Anbar,2024-12-02 00:00:00,1150.3181,1144.1515,8.5
Anbar,2024-12-02 01:00:00,1035.2863,1043.343,7.9
Anbar,2024-12-02 02:00:00,999.731,973.3916,7.3
Anbar,2024-12-02 03:00:00,1023.6014,985.656,6.9
Anbar,2024-12-02 04:00:00,1135.199,1069.8237,6.0
Anbar,2024-12-02 05:00:00,1242.3435,1215.8043,5.7
Anbar,2024-12-02 06:00:00,1422.2114,1350.3834,5.4
Anbar,2024-12-02 07:00:00,1472.4072,1455.3634,5.2
Anbar,2024-12-02 08:00:00,1545.1655,1486.9583,6.5
Anbar,2024-12-02 09:00:00,1604.1709,1532.8474,8.6
Anbar,2024-12-02 10:00:00,1650.0078,1571.4004,10.9
Anbar,2024-12-02 11:00:00,1682.4003,1591.2958,13.2
Anbar,2024-12-02 12:00:00,1625.0858,1588.8707,15.1
Anbar,2024-12-02 13:00:00,1558.1582,1556.6621,16.2
Anbar,2024-12-02 14:00:00,1560.0095,1552.8387,16.8
Anbar,2024-12-02 15:00:00,1611.8237,1609.9302,16.8
Anbar,2024-12-02 16:00:00,1804.3444,1699.6606,16.5
Anbar,2024-12-02 17:00:00,1770.2615,1781.2932,13.9
Anbar,2024-12-02 18:00:00,1700.3923,1718.7155,12.9
Anbar,2024-12-02 19:00:00,1641.8176,1634.1675,11.9
Anbar,2024-12-02 20:00:00,1558.1582,1549.7852,11.2
Anbar,2024-12-02 21:00:00,1451.4923,1453.2335,10.3
Anbar,2024-12-02 22:00:00,1361.5583,1349.123,9.4
Anbar,2024-12-02 23:00:00,1284.1733,1250.3967,8.4
Anbar,2024-12-03 00:00:00,1075.1183,1158.2878,7.3
Anbar,2024-12-03 01:00:00,967.60645,1004.0345,6.4
Anbar,2024-12-03 02:00:00,934.3755,933.3591,5.9
Anbar,2024-12-03 03:00:00,956.6854,949.07806,5.5
Anbar,2024-12-03 04:00:00,1060.9875,1034.3256,4.4
Anbar,2024-12-03 05:00:00,1172.8563,1177.8763,3.8
Anbar,2024-12-03 06:00:00,1329.2372,1316.0452,3.3
Anbar,2024-12-03 07:00:00,1376.1514,1406.0392,2.9
Anbar,2024-12-03 08:00:00,1444.1533,1431.1384,5.2
Anbar,2024-12-03 09:00:00,1499.3013,1472.2592,8.1
Anbar,2024-12-03 10:00:00,1542.1417,1509.9868,11.1
Anbar,2024-12-03 11:00:00,1572.4165,1529.3262,13.6
Anbar,2024-12-03 12:00:00,1518.8489,1525.0309,15.4
Anbar,2024-12-03 13:00:00,1456.2965,1487.6719,16.5
Anbar,2024-12-03 14:00:00,1458.0269,1483.2007,17.0
Anbar,2024-12-03 15:00:00,1506.4539,1540.1035,17.0
Anbar,2024-12-03 16:00:00,1686.3888,1630.4265,17.0
Anbar,2024-12-03 17:00:00,1654.5339,1716.1543,14.6
Anbar,2024-12-03 18:00:00,1589.2324,1662.923,13.1
Anbar,2024-12-03 19:00:00,1534.4869,1574.0403,11.6
Anbar,2024-12-03 20:00:00,1456.2965,1488.9609,10.8
Anbar,2024-12-03 21:00:00,1356.6038,1394.0056,10.4
Anbar,2024-12-03 22:00:00,1272.5491,1295.7542,9.9
Anbar,2024-12-03 23:00:00,1200.2229,1191.9907,9.2
Anbar,2024-12-04 00:00:00,1057.4246,1082.6393,8.6
Anbar,2024-12-04 01:00:00,951.6821,960.0479,8.1
Anbar,2024-12-04 02:00:00,918.99805,891.2649,7.7
Anbar,2024-12-04 03:00:00,940.9408,906.4966,7.2
Anbar,2024-12-04 04:00:00,1043.5264,991.44,6.3
Anbar,2024-12-04 05:00:00,1153.5541,1135.6738,5.9
Anbar,2024-12-04 06:00:00,1307.3613,1274.1226,5.6
Anbar,2024-12-04 07:00:00,1353.5034,1361.7787,5.3
Anbar,2024-12-04 08:00:00,1420.3862,1388.5204,7.3
Anbar,2024-12-04 09:00:00,1474.6266,1432.2368,10.1
Anbar,2024-12-04 10:00:00,1516.762,1465.4237,12.9
Anbar,2024-12-04 11:00:00,1546.5386,1484.3477,15.4
Anbar,2024-12-04 12:00:00,1493.8525,1478.879,17.2
Anbar,2024-12-04 13:00:00,1432.3296,1441.9135,18.3
Anbar,2024-12-04 14:00:00,1434.0314,1434.2224,18.8
Anbar,2024-12-04 15:00:00,1481.6614,1486.1742,18.6
Anbar,2024-12-04 16:00:00,1658.6351,1574.6935,18.8
Anbar,2024-12-04 17:00:00,1627.3046,1660.9551,16.5
Anbar,2024-12-04 18:00:00,1563.0778,1592.8599,14.9
Anbar,2024-12-04 19:00:00,1509.2333,1506.0793,13.6
Anbar,2024-12-04 20:00:00,1432.3296,1425.2407,12.8
Anbar,2024-12-04 21:00:00,1334.2776,1338.404,13.5
Anbar,2024-12-04 22:00:00,1251.6062,1248.9702,13.0
Anbar,2024-12-04 23:00:00,1180.4703,1155.9807,11.9
Anbar,2024-12-05 00:00:00,974.3327,1063.1346,10.9
Anbar,2024-12-05 01:00:00,876.8994,898.5052,10.1
Anbar,2024-12-05 02:00:00,846.7837,832.26416,9.8
Anbar,2024-12-05 03:00:00,867.0022,849.49255,9.3
Anbar,2024-12-05 04:00:00,961.5267,927.7587,8.1
Anbar,2024-12-05 05:00:00,1062.9084,1064.3822,7.4
Anbar,2024-12-05 06:00:00,1204.6295,1198.086,6.9
Anbar,2024-12-05 07:00:00,1247.1459,1285.9841,6.8
Anbar,2024-12-05 08:00:00,1308.7731,1308.5323,9.2
Anbar,2024-12-05 09:00:00,1358.7512,1345.95,11.9
Anbar,2024-12-05 10:00:00,1397.5757,1377.1182,14.6
Anbar,2024-12-05 11:00:00,1425.0125,1390.8479,16.8
Anbar,2024-12-05 12:00:00,1376.4664,1382.3528,17.8
Anbar,2024-12-05 13:00:00,1321.346,1339.3987,18.1
Anbar,2024-12-05 14:00:00,1365.2333,1332.7773,18.6
Anbar,2024-12-05 15:00:00,1495.1578,1418.1742,18.5
Anbar,2024-12-05 16:00:00,1594.3625,1552.4664,18.0
Anbar,2024-12-05 17:00:00,1558.9324,1593.9576,15.8
Anbar,2024-12-05 18:00:00,1495.1578,1547.4724,14.8
Anbar,2024-12-05 19:00:00,1417.2112,1466.2163,13.9
Anbar,2024-12-05 20:00:00,1355.2083,1375.3954,13.5
Anbar,2024-12-05 21:00:00,1280.8046,1295.8282,12.8
Anbar,2024-12-05 22:00:00,1217.0302,1211.9911,11.9
Anbar,2024-12-05 23:00:00,1162.1132,1124.7654,11.2
Anbar,2024-12-06 00:00:00,1000.11035,1031.0547,10.6
Anbar,2024-12-06 01:00:00,918.349,897.1835,10.1
Anbar,2024-12-06 02:00:00,879.50055,842.77924,9.4
Anbar,2024-12-06 03:00:00,876.85266,852.596,8.9
Anbar,2024-12-06 04:00:00,932.8125,910.9794,8.5
Anbar,2024-12-06 05:00:00,968.533,1014.8329,7.8
Anbar,2024-12-06 06:00:00,1053.1343,1096.7953,7.5
Anbar,2024-12-06 07:00:00,1281.4877,1162.5134,7.3
Anbar,2024-12-06 08:00:00,1391.6215,1318.6963,9.1
Anbar,2024-12-06 09:00:00,1539.0161,1375.0515,11.6
Anbar,2024-12-06 10:00:00,1639.349,1442.5942,14.4
Anbar,2024-12-06 11:00:00,1574.3834,1484.3707,16.9
Anbar,2024-12-06 12:00:00,1499.0807,1430.0558,18.7
Anbar,2024-12-06 13:00:00,1406.5122,1394.6785,19.9
Anbar,2024-12-06 14:00:00,1365.6438,1388.8058,20.1
Anbar,2024-12-06 15:00:00,1360.6492,1431.0231,19.8
Anbar,2024-12-06 16:00:00,1456.5112,1469.1313,18.8
Anbar,2024-12-06 17:00:00,1535.4902,1507.2051,16.2
Anbar,2024-12-06 18:00:00,1482.3715,1503.4314,14.9
Anbar,2024-12-06 19:00:00,1403.4208,1424.9958,14.1
Anbar,2024-12-06 20:00:00,1327.9523,1340.4863,13.7
Anbar,2024-12-06 21:00:00,1278.3649,1263.4067,13.3
Anbar,2024-12-06 22:00:00,1267.3318,1205.3173,12.6
Anbar,2024-12-06 23:00:00,1145.8733,1157.103,11.9
Anbar,2024-12-07 00:00:00,991.13324,1029.6669,11.4
Anbar,2024-12-07 01:00:00,937.5585,898.7965,10.9
Anbar,2024-12-07 02:00:00,880.41205,851.06775,10.3
Anbar,2024-12-07 03:00:00,892.91284,827.5006,9.9
Anbar,2024-12-07 04:00:00,923.2719,871.43207,8.9
Anbar,2024-12-07 05:00:00,967.91754,937.205,7.7
Anbar,2024-12-07 06:00:00,1050.0656,1039.8121,7.4
Anbar,2024-12-07 07:00:00,1162.9557,1158.6542,7.1
Anbar,2024-12-07 08:00:00,1306.2117,1267.6841,9.0
Anbar,2024-12-07 09:00:00,1391.6322,1393.8433,11.2
Anbar,2024-12-07 10:00:00,1446.5188,1443.9778,13.8
Anbar,2024-12-07 11:00:00,1469.7345,1437.5562,16.4
Anbar,2024-12-07 12:00:00,1428.6605,1416.8066,18.5
Anbar,2024-12-07 13:00:00,1405.3768,1368.3433,19.8
Anbar,2024-12-07 14:00:00,1438.8251,1363.2621,20.4
Anbar,2024-12-07 15:00:00,1459.0197,1415.056,20.3
Anbar,2024-12-07 16:00:00,1498.4761,1472.1967,19.2
Anbar,2024-12-07 17:00:00,1549.7769,1515.9497,16.5
Anbar,2024-12-07 18:00:00,1509.0227,1499.9663,14.9
Anbar,2024-12-07 19:00:00,1489.3787,1429.5801,14.1
Anbar,2024-12-07 20:00:00,1467.9487,1382.8732,13.6
Anbar,2024-12-07 21:00:00,1434.0181,1343.2726,13.1
Anbar,2024-12-07 22:00:00,1364.3708,1293.3943,12.4
Anbar,2024-12-07 23:00:00,1246.5063,1200.6351,11.6
Anbar,2024-12-08 00:00:00,957.93475,1084.2767,10.9
Anbar,2024-12-08 01:00:00,862.1413,891.14056,10.4
Anbar,2024-12-08 02:00:00,832.5324,809.689,9.8
Anbar,2024-12-08 03:00:00,852.4106,803.88477,9.1
Anbar,2024-12-08 04:00:00,945.34424,851.2029,8.6
Anbar,2024-12-08 05:00:00,1045.0198,964.7472,8.2
Anbar,2024-12-08 06:00:00,1184.3557,1094.5358,8.2
Anbar,2024-12-08 07:00:00,1226.1565,1233.7008,8.3
Anbar,2024-12-08 08:00:00,1286.7465,1274.6132,9.7
Anbar,2024-12-08 09:00:00,1335.8835,1316.0891,12.1
Anbar,2024-12-08 10:00:00,1374.0546,1344.5479,14.9
Anbar,2024-12-08 11:00:00,1401.0295,1358.8925,17.3
Anbar,2024-12-08 12:00:00,1353.3005,1356.4901,19.1
Anbar,2024-12-08 13:00:00,1297.5662,1319.3658,20.2
Anbar,2024-12-08 14:00:00,1299.1079,1308.1099,20.8
Anbar,2024-12-08 15:00:00,1342.2565,1340.1852,20.7
Anbar,2024-12-08 16:00:00,1502.5793,1399.7114,20.2
Anbar,2024-12-08 17:00:00,1474.1965,1514.3601,17.5
Anbar,2024-12-08 18:00:00,1416.0126,1487.2166,16.7
Anbar,2024-12-08 19:00:00,1367.2341,1430.3096,15.4
Anbar,2024-12-08 20:00:00,1297.5662,1376.3015,14.6
Anbar,2024-12-08 21:00:00,1208.7395,1300.6536,13.8
Anbar,2024-12-08 22:00:00,1133.8464,1201.2739,13.4
Anbar,2024-12-08 23:00:00,1069.4036,1088.8369,12.6
Anbar,2024-12-09 00:00:00,923.8977,967.7593,12.1
Anbar,2024-12-09 01:00:00,831.50793,840.80853,12.1
Anbar,2024-12-09 02:00:00,802.9511,780.40765,11.8
Anbar,2024-12-09 03:00:00,822.123,790.9306,11.9
Anbar,2024-12-09 04:00:00,911.7545,863.60114,12.5
Anbar,2024-12-09 05:00:00,1007.8884,994.52386,11.8
Anbar,2024-12-09 06:00:00,1142.2736,1110.1913,10.9
Anbar,2024-12-09 07:00:00,1182.5891,1201.4387,10.4
Anbar,2024-12-09 08:00:00,1241.0261,1222.8325,11.1
Anbar,2024-12-09 09:00:00,1288.4174,1259.1364,12.9
Anbar,2024-12-09 10:00:00,1325.232,1285.5347,15.1
Anbar,2024-12-09 11:00:00,1351.2485,1299.77,17.2
Anbar,2024-12-09 12:00:00,1305.2155,1294.2201,19.0
Anbar,2024-12-09 13:00:00,1251.4614,1251.8289,20.2
Anbar,2024-12-09 14:00:00,1252.9484,1242.114,20.6
Anbar,2024-12-09 15:00:00,1294.5638,1289.3203,20.4
Anbar,2024-12-09 16:00:00,1449.1901,1368.9658,19.7
Anbar,2024-12-09 17:00:00,1421.8158,1459.0842,17.5
Anbar,2024-12-09 18:00:00,1365.6992,1409.3743,16.1
Anbar,2024-12-09 19:00:00,1318.6539,1334.1531,15.4
Anbar,2024-12-09 20:00:00,1251.4614,1267.5115,14.8
Anbar,2024-12-09 21:00:00,1165.7909,1188.5391,14.1
Anbar,2024-12-09 22:00:00,1093.559,1106.298,13.5
Anbar,2024-12-09 23:00:00,1031.4058,1029.4622,12.9
Anbar,2024-12-10 00:00:00,959.0372,941.3816,12.3
Anbar,2024-12-10 01:00:00,863.1335,868.51636,11.8
Anbar,2024-12-10 02:00:00,833.4905,806.15717,11.3
Anbar,2024-12-10 03:00:00,853.39154,814.1395,10.8
Anbar,2024-12-10 04:00:00,946.4321,885.0738,10.1
Anbar,2024-12-10 05:00:00,1046.2224,1015.2548,9.8
Anbar,2024-12-10 06:00:00,1185.7186,1128.2297,9.4
Anbar,2024-12-10 07:00:00,1227.5676,1227.2197,9.1
Anbar,2024-12-10 08:00:00,1288.2273,1250.5067,10.0
Anbar,2024-12-10 09:00:00,1337.4209,1287.0375,12.0
Anbar,2024-12-10 10:00:00,1375.6359,1314.1444,14.4
Anbar,2024-12-10 11:00:00,1402.6418,1329.5625,16.5
Anbar,2024-12-10 12:00:00,1354.858,1327.0162,18.2
Anbar,2024-12-10 13:00:00,1299.0594,1286.6417,19.5
Anbar,2024-12-10 14:00:00,1300.6029,1279.4086,20.2
Anbar,2024-12-10 15:00:00,1343.8011,1325.9465,20.2
Anbar,2024-12-10 16:00:00,1504.3085,1402.86,20.0
Anbar,2024-12-10 17:00:00,1475.8931,1488.6349,17.8
Anbar,2024-12-10 18:00:00,1417.6422,1423.0259,16.5
Anbar,2024-12-10 19:00:00,1368.8076,1346.4601,15.6
Anbar,2024-12-10 20:00:00,1299.0594,1277.4047,14.8
Anbar,2024-12-10 21:00:00,1210.1305,1199.0001,14.1
Anbar,2024-12-10 22:00:00,1135.1512,1118.0795,13.4
Anbar,2024-12-10 23:00:00,1070.6343,1045.4586,12.7
Anbar,2024-12-11 00:00:00,924.87976,976.0536,12.0
Anbar,2024-12-11 01:00:00,832.3918,847.72,11.4
Anbar,2024-12-11 02:00:00,803.80457,785.2392,10.9
Anbar,2024-12-11 03:00:00,822.9968,795.50305,10.4
Anbar,2024-12-11 04:00:00,912.72363,868.07697,9.6
Anbar,2024-12-11 05:00:00,1008.9597,999.7677,9.2
Anbar,2024-12-11 06:00:00,1143.4877,1116.7045,8.9
Anbar,2024-12-11 07:00:00,1183.8461,1212.7695,8.6
Anbar,2024-12-11 08:00:00,1242.3453,1234.0905,9.6
Anbar,2024-12-11 09:00:00,1289.7869,1270.0986,11.6
Anbar,2024-12-11 10:00:00,1326.6406,1294.8478,14.4
Anbar,2024-12-11 11:00:00,1352.6848,1309.0419,17.0
Anbar,2024-12-11 12:00:00,1306.6028,1302.766,19.1
Anbar,2024-12-11 13:00:00,1252.7916,1258.6034,20.5
Anbar,2024-12-11 14:00:00,1254.2802,1247.4225,21.1
Anbar,2024-12-11 15:00:00,1295.9398,1296.2943,21.0
Anbar,2024-12-11 16:00:00,1450.7305,1375.8276,20.6
Anbar,2024-12-11 17:00:00,1423.327,1467.2173,17.1
Anbar,2024-12-11 18:00:00,1367.1509,1410.842,15.6
Anbar,2024-12-11 19:00:00,1320.0557,1333.845,14.5
Anbar,2024-12-11 20:00:00,1252.7916,1265.26,13.6
Anbar,2024-12-11 21:00:00,1167.03,1185.7668,12.9
Anbar,2024-12-11 22:00:00,1094.7213,1103.5619,12.5
Anbar,2024-12-11 23:00:00,1032.5021,1027.0354,11.9
Anbar,2024-12-12 00:00:00,905.8044,937.1493,11.6
Anbar,2024-12-12 01:00:00,815.22394,826.1511,10.9
Anbar,2024-12-12 02:00:00,787.2263,768.70044,9.9
Anbar,2024-12-12 03:00:00,806.02277,780.948,9.5
Anbar,2024-12-12 04:00:00,893.899,852.1706,9.2
Anbar,2024-12-12 05:00:00,988.1502,980.5369,9.0
Anbar,2024-12-12 06:00:00,1119.9036,1089.6187,9.1
Anbar,2024-12-12 07:00:00,1159.4296,1184.7722,9.6
Anbar,2024-12-12 08:00:00,1216.7223,1208.2738,10.6
Anbar,2024-12-12 09:00:00,1263.1853,1240.8932,12.7
Anbar,2024-12-12 10:00:00,1299.279,1262.7184,14.8
Anbar,2024-12-12 11:00:00,1324.7861,1274.2739,16.2
Anbar,2024-12-12 12:00:00,1279.6545,1266.7505,17.8
Anbar,2024-12-12 13:00:00,1228.411,1223.1685,18.6
Anbar,2024-12-12 14:00:00,1269.2114,1212.9404,18.8
Anbar,2024-12-12 15:00:00,1389.9979,1287.4761,19.5
Anbar,2024-12-12 16:00:00,1482.2253,1414.6147,19.5
Anbar,2024-12-12 17:00:00,1449.287,1461.286,18.2
Anbar,2024-12-12 18:00:00,1389.9979,1401.6934,17.7
Anbar,2024-12-12 19:00:00,1317.5336,1327.3455,17.4
Anbar,2024-12-12 20:00:00,1259.8915,1246.069,17.0
Anbar,2024-12-12 21:00:00,1190.7211,1179.5853,16.7
Anbar,2024-12-12 22:00:00,1131.432,1110.725,16.2
Anbar,2024-12-12 23:00:00,1080.3776,1039.2001,15.7
Anbar,2024-12-13 00:00:00,984.49756,965.20087,15.4
Anbar,2024-12-13 01:00:00,904.0126,873.0394,14.6
Anbar,2024-12-13 02:00:00,865.7706,816.5194,14.6
Anbar,2024-12-13 03:00:00,863.16406,811.0759,13.9
Anbar,2024-12-13 04:00:00,918.25024,859.2624,13.1
Anbar,2024-12-13 05:00:00,953.41315,958.9332,12.5
Anbar,2024-12-13 06:00:00,1036.6937,1036.9724,11.6
Anbar,2024-12-13 07:00:00,1261.4822,1116.4203,11.2
Anbar,2024-12-13 08:00:00,1369.8967,1272.4794,11.6
Anbar,2024-12-13 09:00:00,1514.9905,1330.1743,13.6
Anbar,2024-12-13 10:00:00,1613.757,1396.8396,15.6
Anbar,2024-12-13 11:00:00,1549.8057,1436.6726,17.4
Anbar,2024-12-13 12:00:00,1475.6783,1385.4257,18.5
Anbar,2024-12-13 13:00:00,1384.555,1350.1173,18.8
Anbar,2024-12-13 14:00:00,1344.3247,1340.2035,18.8
Anbar,2024-12-13 15:00:00,1339.4081,1377.1938,18.3
Anbar,2024-12-13 16:00:00,1433.7736,1413.3589,18.1
Anbar,2024-12-13 17:00:00,1511.5195,1454.1737,15.9
Anbar,2024-12-13 18:00:00,1459.2301,1460.764,14.4
Anbar,2024-12-13 19:00:00,1381.5118,1389.9082,13.1
Anbar,2024-12-13 20:00:00,1307.2216,1309.239,12.4
Anbar,2024-12-13 21:00:00,1258.4082,1236.343,12.6
Anbar,2024-12-13 22:00:00,1247.5474,1182.1976,12.6
Anbar,2024-12-13 23:00:00,1127.985,1145.4905,11.9
Anbar,2024-12-14 00:00:00,1153.6823,1038.2819,11.1
Anbar,2024-12-14 01:00:00,1091.321,1028.2649,10.7
Anbar,2024-12-14 02:00:00,1024.8024,976.1288,10.3
Anbar,2024-12-14 03:00:00,1039.3534,937.1831,10.2
Anbar,2024-12-14 04:00:00,1074.6914,979.76917,9.4
Anbar,2024-12-14 05:00:00,1126.659,1042.9781,8.9
Anbar,2024-12-14 06:00:00,1222.2795,1139.5225,8.4
Anbar,2024-12-14 07:00:00,1353.6841,1266.934,7.8
Anbar,2024-12-14 08:00:00,1520.4344,1387.6094,8.1
Anbar,2024-12-14 09:00:00,1619.8643,1520.0886,9.6
Anbar,2024-12-14 10:00:00,1683.7524,1577.9479,11.2
Anbar,2024-12-14 11:00:00,1710.7756,1577.3486,12.6
Anbar,2024-12-14 12:00:00,1662.9653,1563.17,13.9
Anbar,2024-12-14 13:00:00,1635.863,1523.9578,14.9
Anbar,2024-12-14 14:00:00,1674.7969,1522.8148,15.2
Anbar,2024-12-14 15:00:00,1698.3032,1564.5159,14.9
Anbar,2024-12-14 16:00:00,1744.2308,1606.07,14.3
Anbar,2024-12-14 17:00:00,1803.9451,1629.3467,12.6
Anbar,2024-12-14 18:00:00,1756.5072,1618.6145,11.3
Anbar,2024-12-14 19:00:00,1733.6414,1554.065,10.2
Anbar,2024-12-14 20:00:00,1708.697,1507.4619,9.4
Anbar,2024-12-14 21:00:00,1669.2015,1473.1752,8.8
Anbar,2024-12-14 22:00:00,1588.132,1431.7306,8.2
Anbar,2024-12-14 23:00:00,1450.9373,1350.9249,7.5
Anbar,2024-12-15 00:00:00,1191.5035,1268.6166,6.9
Anbar,2024-12-15 01:00:00,1072.3531,1101.6049,6.4
Anbar,2024-12-15 02:00:00,1035.5249,1016.4345,5.8
Anbar,2024-12-15 03:00:00,1060.2499,1006.9164,5.1
Anbar,2024-12-15 04:00:00,1175.8431,1051.9833,4.7
Anbar,2024-12-15 05:00:00,1299.822,1173.4136,4.2
Anbar,2024-12-15 06:00:00,1473.1316,1311.0227,3.8
Anbar,2024-12-15 07:00:00,1525.1245,1464.9308,3.3
Anbar,2024-12-15 08:00:00,1600.4879,1527.4304,4.2
Anbar,2024-12-15 09:00:00,1661.6058,1582.8977,6.6
Anbar,2024-12-15 10:00:00,1709.084,1623.9232,9.2
Anbar,2024-12-15 11:00:00,1742.6361,1646.3265,10.8
Anbar,2024-12-15 12:00:00,1683.2695,1649.4043,11.9
Anbar,2024-12-15 13:00:00,1613.9457,1620.8179,12.7
Anbar,2024-12-15 14:00:00,1615.8633,1612.8745,12.9
Anbar,2024-12-15 15:00:00,1669.5326,1649.0012,12.6
Anbar,2024-12-15 16:00:00,1868.9463,1712.2239,12.1
Anbar,2024-12-15 17:00:00,1833.643,1823.0515,10.1
Anbar,2024-12-15 18:00:00,1761.2723,1791.3,9.1
Anbar,2024-12-15 19:00:00,1700.6005,1733.3201,8.1
Anbar,2024-12-15 20:00:00,1613.9457,1672.9885,6.6
Anbar,2024-12-15 21:00:00,1503.4608,1585.6741,5.7
Anbar,2024-12-15 22:00:00,1410.3069,1470.8632,4.9
Anbar,2024-12-15 23:00:00,1330.1512,1336.8131,4.4
Anbar,2024-12-16 00:00:00,1152.0947,1207.6439,4.5
Anbar,2024-12-16 01:00:00,1036.8853,1075.8539,4.2
Anbar,2024-12-16 02:00:00,1001.2751,1002.8467,3.7
Anbar,2024-12-16 03:00:00,1025.1823,1014.9209,3.0
Anbar,2024-12-16 04:00:00,1136.9523,1100.3805,1.3
Anbar,2024-12-16 05:00:00,1256.8306,1247.9524,0.8
Anbar,2024-12-16 06:00:00,1424.4081,1385.9185,0.4
Anbar,2024-12-16 07:00:00,1474.6813,1479.1187,0.2
Anbar,2024-12-16 08:00:00,1547.552,1513.4639,1.6
Anbar,2024-12-16 09:00:00,1606.6484,1560.1725,4.1
Anbar,2024-12-16 10:00:00,1652.5562,1597.6821,6.8
Anbar,2024-12-16 11:00:00,1684.9987,1616.3088,9.4
Anbar,2024-12-16 12:00:00,1627.5957,1613.0237,11.2
Anbar,2024-12-16 13:00:00,1560.5647,1574.6343,12.4
Anbar,2024-12-16 14:00:00,1562.4188,1568.5869,13.1
Anbar,2024-12-16 15:00:00,1614.3131,1628.9642,13.1
Anbar,2024-12-16 16:00:00,1807.1311,1717.6118,13.0
Anbar,2024-12-16 17:00:00,1772.9954,1799.7322,10.5
Anbar,2024-12-16 18:00:00,1703.0186,1740.5425,9.6
Anbar,2024-12-16 19:00:00,1644.3534,1651.9167,8.6
Anbar,2024-12-16 20:00:00,1560.5647,1564.0618,7.2
Anbar,2024-12-16 21:00:00,1453.7341,1466.6951,6.2
Anbar,2024-12-16 22:00:00,1363.6613,1363.4854,5.7
Anbar,2024-12-16 23:00:00,1286.1566,1263.0963,5.6
Anbar,2024-12-17 00:00:00,1127.0233,1162.8097,4.9
Anbar,2024-12-17 01:00:00,1014.321,1033.074,3.2
Anbar,2024-12-17 02:00:00,979.4857,962.7661,2.0
Anbar,2024-12-17 03:00:00,1002.87274,976.9139,1.3
Anbar,2024-12-17 04:00:00,1112.2104,1065.4506,0.6
Anbar,2024-12-17 05:00:00,1229.48,1215.6691,0.6
Anbar,2024-12-17 06:00:00,1393.4106,1354.8008,0.7
Anbar,2024-12-17 07:00:00,1442.5898,1449.5405,0.8
Anbar,2024-12-17 08:00:00,1513.8749,1482.1512,2.0
Anbar,2024-12-17 09:00:00,1571.6853,1526.1843,4.3
Anbar,2024-12-17 10:00:00,1616.594,1561.9763,7.3
Anbar,2024-12-17 11:00:00,1648.3304,1578.6809,10.4
Anbar,2024-12-17 12:00:00,1592.1766,1575.3854,12.4
Anbar,2024-12-17 13:00:00,1526.6044,1536.0924,13.7
Anbar,2024-12-17 14:00:00,1528.4182,1530.2119,14.4
Anbar,2024-12-17 15:00:00,1579.1831,1588.4502,14.2
Anbar,2024-12-17 16:00:00,1767.805,1675.7314,14.4
Anbar,2024-12-17 17:00:00,1734.4124,1757.0406,11.1
Anbar,2024-12-17 18:00:00,1665.9583,1689.9204,9.4
Anbar,2024-12-17 19:00:00,1608.5697,1599.9479,8.8
Anbar,2024-12-17 20:00:00,1526.6044,1516.7568,8.4
Anbar,2024-12-17 21:00:00,1422.0985,1426.3102,7.7
Anbar,2024-12-17 22:00:00,1333.9858,1327.7236,6.9
Anbar,2024-12-17 23:00:00,1258.1678,1230.5496,6.3
Anbar,2024-12-18 00:00:00,1186.6075,1133.463,6.2
Anbar,2024-12-18 01:00:00,1067.9468,1060.258,5.8
Anbar,2024-12-18 02:00:00,1031.2698,984.0409,5.2
Anbar,2024-12-18 03:00:00,1055.8932,995.9666,4.9
Anbar,2024-12-18 04:00:00,1171.0115,1080.7225,4.0
Anbar,2024-12-18 05:00:00,1294.481,1232.1587,3.8
Anbar,2024-12-18 06:00:00,1467.0784,1373.537,3.6
Anbar,2024-12-18 07:00:00,1495.1255,1474.3113,3.4
Anbar,2024-12-18 08:00:00,1593.9114,1496.9438,4.6
Anbar,2024-12-18 09:00:00,1654.7781,1560.3052,6.7
Anbar,2024-12-18 10:00:00,1702.061,1600.1987,9.2
Anbar,2024-12-18 11:00:00,1735.4755,1621.0511,11.7
Anbar,2024-12-18 12:00:00,1700.085,1619.3462,13.6
Anbar,2024-12-18 13:00:00,1659.093,1600.2905,14.7
Anbar,2024-12-18 14:00:00,1652.6206,1612.5476,15.2
Anbar,2024-12-18 15:00:00,1695.77,1660.9536,15.2
Anbar,2024-12-18 16:00:00,1797.171,1735.2769,15.2
Anbar,2024-12-18 17:00:00,1773.4388,1752.52,12.2
Anbar,2024-12-18 18:00:00,1725.9746,1691.6619,11.1
Anbar,2024-12-18 19:00:00,1650.4631,1622.0745,10.1
Anbar,2024-12-18 20:00:00,1581.4242,1533.8752,9.4
Anbar,2024-12-18 21:00:00,1497.283,1451.2748,8.6
Anbar,2024-12-18 22:00:00,1404.5118,1362.8296,8.0
Anbar,2024-12-18 23:00:00,1324.6855,1272.3818,7.3
Anbar,2024-12-19 00:00:00,1186.281,1193.8691,6.4
Anbar,2024-12-19 01:00:00,1067.653,1082.9907,5.8
Anbar,2024-12-19 02:00:00,1030.9861,1012.3914,5.2
Anbar,2024-12-19 03:00:00,1055.6028,1023.36285,4.6
Anbar,2024-12-19 04:00:00,1170.6893,1108.7465,3.6
Anbar,2024-12-19 05:00:00,1294.1248,1257.6841,3.2
Anbar,2024-12-19 06:00:00,1466.6748,1394.5016,3.0
Anbar,2024-12-19 07:00:00,1494.7141,1486.7206,2.8
Anbar,2024-12-19 08:00:00,1593.4728,1514.7905,4.3
Anbar,2024-12-19 09:00:00,1654.3229,1575.553,6.9
Anbar,2024-12-19 10:00:00,1701.5928,1618.529,10.0
Anbar,2024-12-19 11:00:00,1734.9979,1649.1882,12.4
Anbar,2024-12-19 12:00:00,1699.6172,1659.5984,14.2
Anbar,2024-12-19 13:00:00,1658.6366,1648.0414,15.4
Anbar,2024-12-19 14:00:00,1652.166,1651.6948,15.9
Anbar,2024-12-19 15:00:00,1695.3035,1690.1598,16.0
Anbar,2024-12-19 16:00:00,1757.8529,1749.6096,16.4
Anbar,2024-12-19 17:00:00,1736.284,1761.4087,13.8
Anbar,2024-12-19 18:00:00,1693.1465,1709.1687,11.8
Anbar,2024-12-19 19:00:00,1650.0092,1635.929,10.2
Anbar,2024-12-19 20:00:00,1606.8716,1566.2665,9.4
Anbar,2024-12-19 21:00:00,1565.891,1498.3354,8.9
Anbar,2024-12-19 22:00:00,1509.8123,1429.709,8.4
Anbar,2024-12-19 23:00:00,1455.8904,1347.2463,7.8
Anbar,2024-12-20 00:00:00,1250.5262,1261.1532,7.2
Anbar,2024-12-20 01:00:00,1182.9303,1114.7913,6.7
Anbar,2024-12-20 02:00:00,1110.8279,1077.5334,5.8
Anbar,2024-12-20 03:00:00,1126.6002,1070.328,5.4
Anbar,2024-12-20 04:00:00,1164.9047,1147.6191,4.7
Anbar,2024-12-20 05:00:00,1221.2347,1240.9974,3.9
Anbar,2024-12-20 06:00:00,1324.882,1341.1243,3.5
Anbar,2024-12-20 07:00:00,1467.317,1419.6147,4.2
Anbar,2024-12-20 08:00:00,1648.065,1516.4946,6.3
Anbar,2024-12-20 09:00:00,1755.8413,1622.5219,6.5
Anbar,2024-12-20 10:00:00,1825.0924,1679.334,6.6
Anbar,2024-12-20 11:00:00,1854.384,1713.0332,8.6
Anbar,2024-12-20 12:00:00,1802.5604,1719.1495,10.5
Anbar,2024-12-20 13:00:00,1791.2944,1701.1128,10.6
Anbar,2024-12-20 14:00:00,1802.5604,1711.1453,10.0
Anbar,2024-12-20 15:00:00,1840.8649,1748.97,9.4
Anbar,2024-12-20 16:00:00,1915.2205,1793.8303,9.4
Anbar,2024-12-20 17:00:00,1903.9543,1811.288,8.8
Anbar,2024-12-20 18:00:00,1879.1693,1782.0695,8.9
Anbar,2024-12-20 19:00:00,1852.1309,1745.2227,8.8
Anbar,2024-12-20 20:00:00,1809.3201,1706.3816,8.6
Anbar,2024-12-20 21:00:00,1750.7368,1655.9417,8.0
Anbar,2024-12-20 22:00:00,1678.6344,1586.0002,7.2
Anbar,2024-12-20 23:00:00,1577.2404,1495.8545,7.1
Anbar,2024-12-21 00:00:00,1227.5992,1368.429,6.5
Anbar,2024-12-21 01:00:00,1161.2426,1155.4963,5.9
Anbar,2024-12-21 02:00:00,1090.462,1093.6282,5.8
Anbar,2024-12-21 03:00:00,1105.9453,1068.9388,6.1
Anbar,2024-12-21 04:00:00,1143.5475,1103.0028,6.2
Anbar,2024-12-21 05:00:00,1198.8447,1171.293,6.2
Anbar,2024-12-21 06:00:00,1300.5917,1265.7681,6.0
Anbar,2024-12-21 07:00:00,1440.4154,1394.7222,5.9
Anbar,2024-12-21 08:00:00,1617.8495,1517.1565,6.5
Anbar,2024-12-21 09:00:00,1723.6499,1627.6248,8.2
Anbar,2024-12-21 10:00:00,1791.6313,1687.0133,9.6
Anbar,2024-12-21 11:00:00,1820.386,1714.8973,11.1
Anbar,2024-12-21 12:00:00,1769.5125,1718.1556,12.2
Anbar,2024-12-21 13:00:00,1758.453,1701.7117,13.1
Anbar,2024-12-21 14:00:00,1769.5125,1719.2212,13.4
Anbar,2024-12-21 15:00:00,1807.1146,1756.4463,13.2
Anbar,2024-12-21 16:00:00,1880.107,1808.5538,13.3
Anbar,2024-12-21 17:00:00,1869.0476,1853.7659,11.6
Anbar,2024-12-21 18:00:00,1844.7168,1843.0452,9.8
Anbar,2024-12-21 19:00:00,1818.1741,1810.492,9.1
Anbar,2024-12-21 20:00:00,1776.1482,1768.8044,8.8
Anbar,2024-12-21 21:00:00,1718.639,1708.5573,8.5
Anbar,2024-12-21 22:00:00,1647.8585,1622.9993,8.2
Anbar,2024-12-21 23:00:00,1548.3235,1504.6265,7.8
Anbar,2024-12-22 00:00:00,1126.3782,1339.111,7.3
Anbar,2024-12-22 01:00:00,1013.7404,1086.076,6.9
Anbar,2024-12-22 02:00:00,978.92505,998.786,6.7
Anbar,2024-12-22 03:00:00,1002.29865,984.56146,6.3
Anbar,2024-12-22 04:00:00,1111.5737,1029.1332,6.0
Anbar,2024-12-22 05:00:00,1228.7762,1148.2446,5.8
Anbar,2024-12-22 06:00:00,1392.613,1285.7286,5.6
Anbar,2024-12-22 07:00:00,1419.2366,1433.2559,5.3
Anbar,2024-12-22 08:00:00,1513.0083,1479.4385,6.1
Anbar,2024-12-22 09:00:00,1570.7856,1545.4272,7.8
Anbar,2024-12-22 10:00:00,1615.6686,1582.7603,9.9
Anbar,2024-12-22 11:00:00,1647.3868,1611.1409,11.9
Anbar,2024-12-22 12:00:00,1613.7927,1618.3447,13.5
Anbar,2024-12-22 13:00:00,1574.8816,1606.6428,14.5
Anbar,2024-12-22 14:00:00,1568.7377,1611.2288,14.9
Anbar,2024-12-22 15:00:00,1609.6969,1644.7604,14.9
Anbar,2024-12-22 16:00:00,1705.951,1704.8921,14.6
Anbar,2024-12-22 17:00:00,1683.4235,1761.7859,12.1
Anbar,2024-12-22 18:00:00,1638.3683,1750.0796,10.7
Anbar,2024-12-22 19:00:00,1566.6897,1702.9614,9.8
Anbar,2024-12-22 20:00:00,1501.1549,1634.08,9.2
Anbar,2024-12-22 21:00:00,1421.2845,1556.5618,8.7
Anbar,2024-12-22 22:00:00,1333.2222,1456.0522,8.1
Anbar,2024-12-22 23:00:00,1257.4476,1315.4697,7.4
Anbar,2024-12-23 00:00:00,1063.382,1143.0715,6.7
Anbar,2024-12-23 01:00:00,957.04376,988.9196,6.2
Anbar,2024-12-23 02:00:00,924.1756,921.3058,5.8
Anbar,2024-12-23 03:00:00,946.24194,936.93726,5.6
Anbar,2024-12-23 04:00:00,1049.4055,1021.6377,5.6
Anbar,2024-12-23 05:00:00,1160.053,1164.7065,5.5
Anbar,2024-12-23 06:00:00,1314.7268,1291.2834,5.4
Anbar,2024-12-23 07:00:00,1339.8612,1373.4077,5.6
Anbar,2024-12-23 08:00:00,1428.3884,1391.0854,6.8
Anbar,2024-12-23 09:00:00,1482.9344,1448.8171,8.8
Anbar,2024-12-23 10:00:00,1525.3071,1486.2394,11.2
Anbar,2024-12-23 11:00:00,1555.2516,1512.7687,13.4
Anbar,2024-12-23 12:00:00,1523.5363,1518.3958,14.8
Anbar,2024-12-23 13:00:00,1486.8013,1498.6986,15.5
Anbar,2024-12-23 14:00:00,1481.001,1498.4556,15.8
Anbar,2024-12-23 15:00:00,1519.6694,1533.8708,15.6
Anbar,2024-12-23 16:00:00,1610.5403,1596.7002,15.9
Anbar,2024-12-23 17:00:00,1589.2726,1640.6729,13.4
Anbar,2024-12-23 18:00:00,1546.7373,1583.3293,12.4
Anbar,2024-12-23 19:00:00,1479.0676,1514.1287,11.6
Anbar,2024-12-23 20:00:00,1417.1981,1436.3885,10.9
Anbar,2024-12-23 21:00:00,1341.7947,1363.3918,10.3
Anbar,2024-12-23 22:00:00,1258.6575,1279.5946,9.9
Anbar,2024-12-23 23:00:00,1187.121,1179.4725,9.3
Anbar,2024-12-24 00:00:00,1024.0367,1075.4213,8.6
Anbar,2024-12-24 01:00:00,921.63306,935.2315,7.9
Anbar,2024-12-24 02:00:00,889.981,868.3749,7.1
Anbar,2024-12-24 03:00:00,911.2309,886.15753,6.2
Anbar,2024-12-24 04:00:00,1010.5774,971.3072,6.0
Anbar,2024-12-24 05:00:00,1117.131,1110.9407,5.6
Anbar,2024-12-24 06:00:00,1266.0818,1236.3462,5.4
Anbar,2024-12-24 07:00:00,1290.2863,1323.1248,5.3
Anbar,2024-12-24 08:00:00,1375.538,1339.3689,6.3
Anbar,2024-12-24 09:00:00,1428.0658,1396.3599,8.9
Anbar,2024-12-24 10:00:00,1468.8707,1430.6792,11.6
Anbar,2024-12-24 11:00:00,1497.7072,1453.6565,13.8
Anbar,2024-12-24 12:00:00,1467.1654,1458.7103,15.2
Anbar,2024-12-24 13:00:00,1431.7896,1435.5271,16.1
Anbar,2024-12-24 14:00:00,1426.2039,1433.5751,16.6
Anbar,2024-12-24 15:00:00,1463.4417,1465.541,16.8
Anbar,2024-12-24 16:00:00,1550.9502,1531.439,16.5
Anbar,2024-12-24 17:00:00,1530.4695,1576.0957,14.1
Anbar,2024-12-24 18:00:00,1489.5079,1519.2421,12.4
Anbar,2024-12-24 19:00:00,1424.342,1449.5175,10.8
Anbar,2024-12-24 20:00:00,1364.7617,1370.896,9.6
Anbar,2024-12-24 21:00:00,1292.1482,1299.843,8.8
Anbar,2024-12-24 22:00:00,1212.0872,1224.573,8.2
Anbar,2024-12-24 23:00:00,1143.1974,1134.4574,7.8
Anbar,2024-12-25 00:00:00,991.10046,1038.5029,7.5
Anbar,2024-12-25 01:00:00,937.52747,905.4435,7.1
Anbar,2024-12-25 02:00:00,880.38293,876.4735,6.8
Anbar,2024-12-25 03:00:00,892.8833,875.59546,6.2
Anbar,2024-12-25 04:00:00,923.24133,951.0434,5.6
Anbar,2024-12-25 05:00:00,967.8855,1035.4283,5.3
Anbar,2024-12-25 06:00:00,1050.0308,1118.634,5.2
Anbar,2024-12-25 07:00:00,1162.9172,1168.6792,5.2
Anbar,2024-12-25 08:00:00,1306.1685,1257.9669,5.7
Anbar,2024-12-25 09:00:00,1391.5862,1348.73,7.1
Anbar,2024-12-25 10:00:00,1446.471,1389.8147,8.6
Anbar,2024-12-25 11:00:00,1469.6859,1413.7717,10.9
Anbar,2024-12-25 12:00:00,1428.6133,1415.4441,13.9
Anbar,2024-12-25 13:00:00,1419.6844,1388.3534,16.0
Anbar,2024-12-25 14:00:00,1428.6133,1401.1906,17.0
Anbar,2024-12-25 15:00:00,1458.9713,1442.4955,17.0
Anbar,2024-12-25 16:00:00,1517.9016,1498.943,16.9
Anbar,2024-12-25 17:00:00,1508.9728,1530.3271,13.5
Anbar,2024-12-25 18:00:00,1489.3293,1475.3818,11.6
Anbar,2024-12-25 19:00:00,1467.9001,1416.9028,10.8
Anbar,2024-12-25 20:00:00,1433.9706,1367.7646,10.1
Anbar,2024-12-25 21:00:00,1387.5406,1312.2709,9.4
Anbar,2024-12-25 22:00:00,1330.3961,1250.3845,9.1
Anbar,2024-12-25 23:00:00,1250.0366,1181.1755,8.3
Anbar,2024-12-26 00:00:00,1013.42584,1088.4332,7.4
Anbar,2024-12-26 01:00:00,912.08325,913.75055,7.1
Anbar,2024-12-26 02:00:00,880.7592,842.9807,6.7
Anbar,2024-12-26 03:00:00,901.78894,841.28845,6.1
Anbar,2024-12-26 04:00:00,1000.106,890.1589,5.2
Anbar,2024-12-26 05:00:00,1105.5555,1008.99786,4.8
Anbar,2024-12-26 06:00:00,1252.9629,1142.5361,4.7
Anbar,2024-12-26 07:00:00,1276.9166,1283.6047,4.3
Anbar,2024-12-26 08:00:00,1361.2849,1316.6016,4.9
Anbar,2024-12-26 09:00:00,1413.2684,1379.8582,6.7
Anbar,2024-12-26 10:00:00,1453.6506,1412.5906,8.8
Anbar,2024-12-26 11:00:00,1482.1882,1425.5841,11.2
Anbar,2024-12-26 12:00:00,1451.9629,1426.7051,13.4
Anbar,2024-12-26 13:00:00,1416.9536,1408.6057,14.6
Anbar,2024-12-26 14:00:00,1411.4259,1402.3135,15.6
Anbar,2024-12-26 15:00:00,1448.2777,1432.2222,16.4
Anbar,2024-12-26 16:00:00,1501.7129,1489.5449,17.0
Anbar,2024-12-26 17:00:00,1483.287,1526.1615,14.4
Anbar,2024-12-26 18:00:00,1446.435,1482.9595,14.1
Anbar,2024-12-26 19:00:00,1409.5833,1437.6217,14.1
Anbar,2024-12-26 20:00:00,1372.7314,1390.3254,14.1
Anbar,2024-12-26 21:00:00,1337.7222,1337.4995,14.0
Anbar,2024-12-26 22:00:00,1289.8147,1275.6241,13.5
Anbar,2024-12-26 23:00:00,1243.7499,1188.769,13.2
Anbar,2024-12-27 00:00:00,944.20496,1084.5654,13.2
Anbar,2024-12-27 01:00:00,893.1668,861.2626,12.9
Anbar,2024-12-27 02:00:00,838.7262,826.0348,12.6
Anbar,2024-12-27 03:00:00,850.6351,818.49255,12.8
Anbar,2024-12-27 04:00:00,879.55664,880.89844,13.9
Anbar,2024-12-27 05:00:00,922.08844,962.05316,14.0
Anbar,2024-12-27 06:00:00,1000.34686,1047.9359,13.9
Anbar,2024-12-27 07:00:00,1107.892,1124.7255,13.7
Anbar,2024-12-27 08:00:00,1244.3649,1196.8488,14.1
Anbar,2024-12-27 09:00:00,1325.741,1282.3586,14.8
Anbar,2024-12-27 10:00:00,1378.0288,1324.9651,16.2
Anbar,2024-12-27 11:00:00,1400.1454,1344.1375,17.3
Anbar,2024-12-27 12:00:00,1361.0161,1341.4432,18.3
Anbar,2024-12-27 13:00:00,1352.5098,1311.2449,18.4
Anbar,2024-12-27 14:00:00,1361.0161,1325.3302,19.2
Anbar,2024-12-27 15:00:00,1389.9377,1366.2263,19.2
Anbar,2024-12-27 16:00:00,1446.0796,1408.856,18.9
Anbar,2024-12-27 17:00:00,1437.5732,1445.7891,17.3
Anbar,2024-12-27 18:00:00,1418.8593,1427.8196,16.2
Anbar,2024-12-27 19:00:00,1398.4441,1397.2307,15.3
Anbar,2024-12-27 20:00:00,1366.1199,1365.5181,14.0
Anbar,2024-12-27 21:00:00,1321.887,1320.4124,13.5
Anbar,2024-12-27 22:00:00,1267.4463,1260.8889,12.1
Anbar,2024-12-27 23:00:00,1190.8892,1176.1127,11.6
Anbar,2024-12-28 00:00:00,1001.66943,1053.9812,10.6
Anbar,2024-12-28 01:00:00,947.52515,918.2395,9.9
Anbar,2024-12-28 02:00:00,889.77124,875.8236,9.1
Anbar,2024-12-28 03:00:00,902.4049,854.2064,8.2
Anbar,2024-12-28 04:00:00,933.0867,894.0251,7.4
Anbar,2024-12-28 05:00:00,978.2069,954.0078,6.7
Anbar,2024-12-28 06:00:00,1061.2281,1037.4282,6.1
Anbar,2024-12-28 07:00:00,1175.3185,1136.0615,5.7
Anbar,2024-12-28 08:00:00,1320.0972,1244.005,6.6
Anbar,2024-12-28 09:00:00,1406.4259,1343.3574,8.4
Anbar,2024-12-28 10:00:00,1461.896,1384.2078,10.9
Anbar,2024-12-28 11:00:00,1485.3585,1404.1218,13.0
Anbar,2024-12-28 12:00:00,1443.8479,1402.5977,14.5
Anbar,2024-12-28 13:00:00,1434.8239,1378.6665,15.5
Anbar,2024-12-28 14:00:00,1443.8479,1385.7767,16.0
Anbar,2024-12-28 15:00:00,1474.5297,1421.3715,16.1
Anbar,2024-12-28 16:00:00,1534.0884,1470.5044,16.1
Anbar,2024-12-28 17:00:00,1525.0643,1514.7983,13.4
Anbar,2024-12-28 18:00:00,1505.2114,1486.2042,12.4
Anbar,2024-12-28 19:00:00,1483.5537,1450.3633,11.4
Anbar,2024-12-28 20:00:00,1449.2623,1410.2184,10.6
Anbar,2024-12-28 21:00:00,1402.3372,1358.623,10.4
Anbar,2024-12-28 22:00:00,1344.5833,1294.2686,10.1
Anbar,2024-12-28 23:00:00,1263.3668,1216.2974,9.8
Anbar,2024-12-29 00:00:00,1089.98,1110.9641,9.4
Anbar,2024-12-29 01:00:00,980.982,982.784,8.9
Anbar,2024-12-29 02:00:00,947.29175,895.36554,8.1
Anbar,2024-12-29 03:00:00,969.91003,886.14185,7.8
Anbar,2024-12-29 04:00:00,1075.6539,934.74817,8.0
Anbar,2024-12-29 05:00:00,1189.0691,1056.2236,7.8
Anbar,2024-12-29 06:00:00,1347.6117,1191.6718,7.4
Anbar,2024-12-29 07:00:00,1373.3749,1334.7751,6.5
Anbar,2024-12-29 08:00:00,1464.1163,1374.3763,7.2
Anbar,2024-12-29 09:00:00,1520.0267,1442.1477,9.6
Anbar,2024-12-29 10:00:00,1563.4592,1479.2141,11.9
Anbar,2024-12-29 11:00:00,1594.1526,1496.3025,13.9
Anbar,2024-12-29 12:00:00,1561.644,1498.2642,15.4
Anbar,2024-12-29 13:00:00,1523.9902,1486.0936,16.5
Anbar,2024-12-29 14:00:00,1518.0449,1487.7577,17.2
Anbar,2024-12-29 15:00:00,1557.6805,1518.5197,17.4
Anbar,2024-12-29 16:00:00,1650.8242,1562.2504,17.6
Anbar,2024-12-29 17:00:00,1629.0247,1598.8447,14.8
Anbar,2024-12-29 18:00:00,1585.4254,1561.5767,13.6
Anbar,2024-12-29 19:00:00,1516.0631,1513.7145,12.9
Anbar,2024-12-29 20:00:00,1452.6461,1450.7384,11.4
Anbar,2024-12-29 21:00:00,1375.3566,1385.7969,10.9
Anbar,2024-12-29 22:00:00,1290.14,1307.3425,10.6
Anbar,2024-12-29 23:00:00,1216.8141,1206.8167,10.2
Anbar,2024-12-30 00:00:00,1103.3104,1105.5278,9.6
Anbar,2024-12-30 01:00:00,992.9794,1006.05304,8.9
Anbar,2024-12-30 02:00:00,958.877,929.56305,8.6
Anbar,2024-12-30 03:00:00,981.772,943.17896,8.8
Anbar,2024-12-30 04:00:00,1088.8091,1027.1643,8.3
Anbar,2024-12-30 05:00:00,1203.6113,1168.4364,7.8
Anbar,2024-12-30 06:00:00,1364.0929,1296.349,6.6
Anbar,2024-12-30 07:00:00,1390.1711,1387.5106,6.7
Anbar,2024-12-30 08:00:00,1482.0225,1408.0377,7.8
Anbar,2024-12-30 09:00:00,1538.6165,1469.9838,10.3
Anbar,2024-12-30 10:00:00,1582.5803,1510.8413,12.5
Anbar,2024-12-30 11:00:00,1613.649,1534.58,14.4
Anbar,2024-12-30 12:00:00,1580.7429,1540.9873,15.9
Anbar,2024-12-30 13:00:00,1542.6285,1527.1565,16.8
Anbar,2024-12-30 14:00:00,1536.6105,1529.1895,17.2
Anbar,2024-12-30 15:00:00,1576.7308,1565.655,17.4
Anbar,2024-12-30 16:00:00,1671.0138,1625.5742,17.3
Anbar,2024-12-30 17:00:00,1648.9475,1656.2212,14.9
Anbar,2024-12-30 18:00:00,1604.8151,1603.7418,13.2
Anbar,2024-12-30 19:00:00,1534.6045,1533.9163,12.3
Anbar,2024-12-30 20:00:00,1470.4119,1454.9045,11.4
Anbar,2024-12-30 21:00:00,1392.1771,1380.7014,10.7
Anbar,2024-12-30 22:00:00,1305.9183,1296.4766,9.9
Anbar,2024-12-30 23:00:00,1231.6956,1204.3899,9.6
Anbar,2024-12-31 00:00:00,1082.5106,1118.729,9.4
Anbar,2024-12-31 01:00:00,966.52734,997.7313,8.9
Anbar,2024-12-31 02:00:00,889.2052,919.1476,7.0
Anbar,2024-12-31 03:00:00,914.3349,902.43884,6.2
Anbar,2024-12-31 04:00:00,983.92487,987.3681,6.4
Anbar,2024-12-31 05:00:00,1159.8329,1104.1818,5.7
Anbar,2024-12-31 06:00:00,1329.9417,1280.5974,5.4
Anbar,2024-12-31 07:00:00,1353.1383,1374.7048,4.8
Anbar,2024-12-31 08:00:00,1440.1257,1388.0696,6.2
Anbar,2024-12-31 09:00:00,1488.4521,1444.6796,8.8
Anbar,2024-12-31 10:00:00,1533.541,1481.2483,11.8
Anbar,2024-12-31 11:00:00,1513.5818,1507.3802,13.3
Anbar,2024-12-31 12:00:00,1488.4521,1485.8522,13.9
Anbar,2024-12-31 13:00:00,1449.791,1468.204,14.6
Anbar,2024-12-31 14:00:00,1465.2555,1468.2574,15.8
Anbar,2024-12-31 15:00:00,1542.5776,1518.9082,15.9
Anbar,2024-12-31 16:00:00,1631.4982,1600.4429,16.4
Anbar,2024-12-31 17:00:00,1612.1676,1646.0559,14.4
Anbar,2024-12-31 18:00:00,1575.4396,1597.1367,12.9
Anbar,2024-12-31 19:00:00,1523.2471,1528.0305,12.0
Anbar,2024-12-31 20:00:00,1461.3894,1455.4084,11.3
Anbar,2024-12-31 21:00:00,1401.4647,1379.0604,10.9
Anbar,2024-12-31 22:00:00,1337.6738,1306.2539,10.1
Anbar,2024-12-31 23:00:00,1287.4144,1221.449,9.1
Babil,2024-12-02 00:00:00,954.42633,916.2497,10.2
Babil,2024-12-02 01:00:00,878.0722,886.917,9.8
Babil,2024-12-02 02:00:00,847.5306,858.02747,9.3
Babil,2024-12-02 03:00:00,899.69824,892.95483,8.7
Babil,2024-12-02 04:00:00,993.53467,1008.5433,7.7
Babil,2024-12-02 05:00:00,1189.2152,1147.3723,7.3
Babil,2024-12-02 06:00:00,1390.9003,1327.8009,6.9
Babil,2024-12-02 07:00:00,1403.0067,1454.246,6.6
Babil,2024-12-02 08:00:00,1431.6395,1438.4819,8.0
Babil,2024-12-02 09:00:00,1479.3608,1465.6707,10.1
Babil,2024-12-02 10:00:00,1517.5378,1501.4641,12.4
Babil,2024-12-02 11:00:00,1527.0822,1520.5938,14.4
Babil,2024-12-02 12:00:00,1549.9884,1521.1567,15.9
Babil,2024-12-02 13:00:00,1498.4493,1527.6704,16.9
Babil,2024-12-02 14:00:00,1483.1785,1501.656,17.2
Babil,2024-12-02 15:00:00,1565.2592,1513.1428,17.1
Babil,2024-12-02 16:00:00,1651.1576,1573.4117,16.7
Babil,2024-12-02 17:00:00,1570.9857,1578.3047,13.8
Babil,2024-12-02 18:00:00,1465.9988,1486.4049,12.6
Babil,2024-12-02 19:00:00,1364.8296,1380.1462,11.9
Babil,2024-12-02 20:00:00,1298.0198,1288.3651,11.2
Babil,2024-12-02 21:00:00,1210.2125,1207.6012,10.4
Babil,2024-12-02 22:00:00,1103.3169,1108.0239,9.4
Babil,2024-12-02 23:00:00,994.5122,1001.4283,8.8
Babil,2024-12-03 00:00:00,922.1703,912.58276,8.4
Babil,2024-12-03 01:00:00,848.39667,864.66364,8.1
Babil,2024-12-03 02:00:00,818.8872,839.6864,7.7
Babil,2024-12-03 03:00:00,869.2918,875.3042,7.2
Babil,2024-12-03 04:00:00,959.9569,987.9081,6.4
Babil,2024-12-03 05:00:00,1149.0242,1122.0198,5.9
Babil,2024-12-03 06:00:00,1343.893,1297.4608,5.4
Babil,2024-12-03 07:00:00,1355.5903,1418.1483,5.2
Babil,2024-12-03 08:00:00,1383.2554,1407.1587,7.2
Babil,2024-12-03 09:00:00,1445.963,1433.6178,10.6
Babil,2024-12-03 10:00:00,1475.4724,1482.8772,13.7
Babil,2024-12-03 11:00:00,1497.6045,1491.6807,15.8
Babil,2024-12-03 12:00:00,1447.8073,1498.7296,17.1
Babil,2024-12-03 13:00:00,1433.0526,1453.7777,18.0
Babil,2024-12-03 14:00:00,1466.2507,1454.7935,18.5
Babil,2024-12-03 15:00:00,1512.3593,1506.6249,18.5
Babil,2024-12-03 16:00:00,1595.3545,1544.3097,18.4
Babil,2024-12-03 17:00:00,1517.8922,1555.615,16.0
Babil,2024-12-03 18:00:00,1433.0526,1451.9712,14.6
Babil,2024-12-03 19:00:00,1359.2789,1355.7935,13.1
Babil,2024-12-03 20:00:00,1289.194,1277.1495,12.6
Babil,2024-12-03 21:00:00,1208.0431,1191.6581,11.8
Babil,2024-12-03 22:00:00,1128.7365,1097.56,10.7
Babil,2024-12-03 23:00:00,1042.0524,1007.17633,9.9
Babil,2024-12-04 00:00:00,832.7782,926.20917,9.2
Babil,2024-12-04 01:00:00,766.15594,778.6737,8.7
Babil,2024-12-04 02:00:00,739.5071,767.06213,8.2
Babil,2024-12-04 03:00:00,785.0256,810.8424,7.9
Babil,2024-12-04 04:00:00,866.902,918.50977,6.7
Babil,2024-12-04 05:00:00,1037.6417,1048.9797,6.4
Babil,2024-12-04 06:00:00,1213.6206,1212.245,6.2
Babil,2024-12-04 07:00:00,1224.184,1324.0231,6.1
Babil,2024-12-04 08:00:00,1249.1674,1314.9801,8.7
Babil,2024-12-04 09:00:00,1305.7963,1346.328,12.1
Babil,2024-12-04 10:00:00,1332.4452,1382.801,15.6
Babil,2024-12-04 11:00:00,1352.4319,1386.5669,18.2
Babil,2024-12-04 12:00:00,1307.4618,1380.1942,19.8
Babil,2024-12-04 13:00:00,1294.1373,1343.6113,20.6
Babil,2024-12-04 14:00:00,1324.1174,1349.2239,21.0
Babil,2024-12-04 15:00:00,1365.7562,1391.9872,21.0
Babil,2024-12-04 16:00:00,1440.7063,1430.6313,20.5
Babil,2024-12-04 17:00:00,1370.7529,1459.4464,18.1
Babil,2024-12-04 18:00:00,1294.1373,1360.0859,17.6
Babil,2024-12-04 19:00:00,1227.5151,1277.6719,16.9
Babil,2024-12-04 20:00:00,1164.224,1204.0027,15.5
Babil,2024-12-04 21:00:00,1090.9395,1120.2319,14.2
Babil,2024-12-04 22:00:00,1019.32056,1030.8192,13.0
Babil,2024-12-04 23:00:00,941.03937,931.1149,12.4
Babil,2024-12-05 00:00:00,753.7539,834.5487,11.6
Babil,2024-12-05 01:00:00,693.45355,701.281,11.1
Babil,2024-12-05 02:00:00,669.33344,688.4833,10.9
Babil,2024-12-05 03:00:00,710.53265,727.80615,10.6
Babil,2024-12-05 04:00:00,784.6395,823.7966,9.9
Babil,2024-12-05 05:00:00,939.17737,946.09247,9.6
Babil,2024-12-05 06:00:00,1098.4572,1091.7178,9.4
Babil,2024-12-05 07:00:00,1108.0182,1195.9617,9.0
Babil,2024-12-05 08:00:00,1130.6309,1185.8379,11.1
Babil,2024-12-05 09:00:00,1181.8861,1213.5272,13.8
Babil,2024-12-05 10:00:00,1206.0062,1251.884,16.7
Babil,2024-12-05 11:00:00,1224.0963,1256.5437,19.4
Babil,2024-12-05 12:00:00,1183.3936,1251.1226,21.2
Babil,2024-12-05 13:00:00,1171.3335,1216.3301,22.2
Babil,2024-12-05 14:00:00,1198.4686,1219.6703,22.5
Babil,2024-12-05 15:00:00,1288.9192,1259.0969,22.2
Babil,2024-12-05 16:00:00,1356.757,1333.5923,21.0
Babil,2024-12-05 17:00:00,1311.5317,1357.2703,17.5
Babil,2024-12-05 18:00:00,1261.784,1276.791,15.7
Babil,2024-12-05 19:00:00,1206.0062,1214.617,14.6
Babil,2024-12-05 20:00:00,1153.2434,1148.2228,13.9
Babil,2024-12-05 21:00:00,1089.9281,1078.9912,13.4
Babil,2024-12-05 22:00:00,1028.1204,999.50757,12.4
Babil,2024-12-05 23:00:00,952.74493,919.16943,11.8
Babil,2024-12-06 00:00:00,669.99585,829.01294,11.1
Babil,2024-12-06 01:00:00,656.6458,625.09985,10.6
Babil,2024-12-06 02:00:00,639.9785,651.09814,10.1
Babil,2024-12-06 03:00:00,640.33075,692.9348,9.9
Babil,2024-12-06 04:00:00,719.1786,747.3419,9.1
Babil,2024-12-06 05:00:00,831.06274,869.5427,9.0
Babil,2024-12-06 06:00:00,1059.4407,978.616,8.9
Babil,2024-12-06 07:00:00,1217.3204,1141.2845,8.8
Babil,2024-12-06 08:00:00,1314.0513,1235.8828,10.8
Babil,2024-12-06 09:00:00,1340.1929,1295.6084,13.6
Babil,2024-12-06 10:00:00,1375.0485,1302.9497,16.5
Babil,2024-12-06 11:00:00,1341.9357,1314.9429,19.1
Babil,2024-12-06 12:00:00,1277.7806,1275.667,20.7
Babil,2024-12-06 13:00:00,1211.5631,1232.4034,22.0
Babil,2024-12-06 14:00:00,1189.1924,1206.016,22.5
Babil,2024-12-06 15:00:00,1213.9532,1227.0515,22.2
Babil,2024-12-06 16:00:00,1357.2542,1264.3226,21.5
Babil,2024-12-06 17:00:00,1405.5396,1352.1987,17.9
Babil,2024-12-06 18:00:00,1298.0372,1341.4514,16.8
Babil,2024-12-06 19:00:00,1171.0782,1234.6842,15.9
Babil,2024-12-06 20:00:00,1081.0388,1118.7058,15.1
Babil,2024-12-06 21:00:00,980.58374,1026.0929,14.4
Babil,2024-12-06 22:00:00,867.90125,918.7712,13.6
Babil,2024-12-06 23:00:00,775.50085,797.64056,12.8
Babil,2024-12-07 00:00:00,901.8297,683.7848,12.2
Babil,2024-12-07 01:00:00,868.9789,797.72784,11.8
Babil,2024-12-07 02:00:00,855.9916,772.8115,11.2
Babil,2024-12-07 03:00:00,867.3615,787.337,10.6
Babil,2024-12-07 04:00:00,936.25543,852.09595,9.5
Babil,2024-12-07 05:00:00,1032.058,975.96814,9.4
Babil,2024-12-07 06:00:00,1154.5891,1112.7703,9.2
Babil,2024-12-07 07:00:00,1274.6868,1240.3402,8.9
Babil,2024-12-07 08:00:00,1351.2356,1338.3906,10.7
Babil,2024-12-07 09:00:00,1365.6113,1383.9199,13.0
Babil,2024-12-07 10:00:00,1363.6222,1375.9299,15.8
Babil,2024-12-07 11:00:00,1376.5922,1350.2983,18.4
Babil,2024-12-07 12:00:00,1338.3585,1337.4645,20.6
Babil,2024-12-07 13:00:00,1303.9092,1295.963,22.0
Babil,2024-12-07 14:00:00,1289.9249,1276.6326,22.5
Babil,2024-12-07 15:00:00,1320.2008,1293.5786,22.5
Babil,2024-12-07 16:00:00,1347.2987,1348.4618,21.8
Babil,2024-12-07 17:00:00,1376.2821,1350.4657,18.0
Babil,2024-12-07 18:00:00,1308.8282,1308.9949,16.5
Babil,2024-12-07 19:00:00,1259.0247,1212.9816,15.4
Babil,2024-12-07 20:00:00,1184.2129,1135.8862,14.8
Babil,2024-12-07 21:00:00,1114.0049,1046.0648,13.6
Babil,2024-12-07 22:00:00,1021.6756,967.7682,12.8
Babil,2024-12-07 23:00:00,964.62195,902.29083,12.1
Babil,2024-12-08 00:00:00,723.12885,895.5098,11.6
Babil,2024-12-08 01:00:00,665.2785,728.39795,11.0
Babil,2024-12-08 02:00:00,642.13837,711.7696,10.1
Babil,2024-12-08 03:00:00,681.66364,740.30066,9.7
Babil,2024-12-08 04:00:00,752.7596,825.1776,9.3
Babil,2024-12-08 05:00:00,901.0185,924.70355,9.2
Babil,2024-12-08 06:00:00,1053.8268,1066.2931,9.1
Babil,2024-12-08 07:00:00,1062.9994,1195.2113,8.8
Babil,2024-12-08 08:00:00,1084.6932,1191.1311,10.7
Babil,2024-12-08 09:00:00,1133.866,1203.8506,13.8
Babil,2024-12-08 10:00:00,1157.0061,1232.8397,17.0
Babil,2024-12-08 11:00:00,1174.3612,1233.4792,19.6
Babil,2024-12-08 12:00:00,1135.3123,1220.8121,21.4
Babil,2024-12-08 13:00:00,1123.7422,1174.7402,22.6
Babil,2024-12-08 14:00:00,1149.7748,1167.0221,23.3
Babil,2024-12-08 15:00:00,1185.9313,1204.9636,23.5
Babil,2024-12-08 16:00:00,1251.0128,1244.0165,22.5
Babil,2024-12-08 17:00:00,1190.27,1292.2347,19.7
Babil,2024-12-08 18:00:00,1123.7422,1212.8053,18.0
Babil,2024-12-08 19:00:00,1065.8918,1138.9994,17.4
Babil,2024-12-08 20:00:00,1010.9341,1066.0923,16.5
Babil,2024-12-08 21:00:00,947.29877,992.0843,15.7
Babil,2024-12-08 22:00:00,885.1097,912.30585,14.7
Babil,2024-12-08 23:00:00,817.13556,828.5349,14.1
Babil,2024-12-09 00:00:00,697.61115,733.2015,13.0
Babil,2024-12-09 01:00:00,641.80225,643.46423,13.2
Babil,2024-12-09 02:00:00,619.4787,628.80896,12.6
Babil,2024-12-09 03:00:00,657.60913,656.63055,12.5
Babil,2024-12-09 04:00:00,726.1963,741.15845,12.6
Babil,2024-12-09 05:00:00,869.2235,849.3649,12.3
Babil,2024-12-09 06:00:00,1016.6395,982.75726,12.1
Babil,2024-12-09 07:00:00,1025.4884,1074.6509,12.1
Babil,2024-12-09 08:00:00,1046.4167,1060.0173,13.4
Babil,2024-12-09 09:00:00,1093.8542,1080.8656,15.8
Babil,2024-12-09 10:00:00,1116.1779,1121.5165,17.8
Babil,2024-12-09 11:00:00,1132.9205,1130.3641,19.5
Babil,2024-12-09 12:00:00,1095.2495,1131.3152,20.9
Babil,2024-12-09 13:00:00,1084.0878,1101.7007,22.1
Babil,2024-12-09 14:00:00,1109.2018,1107.3357,22.8
Babil,2024-12-09 15:00:00,1144.0823,1145.3828,22.5
Babil,2024-12-09 16:00:00,1206.8673,1181.1024,21.5
Babil,2024-12-09 17:00:00,1148.268,1205.0035,19.2
Babil,2024-12-09 18:00:00,1084.0878,1123.2377,17.9
Babil,2024-12-09 19:00:00,1028.2788,1048.786,16.8
Babil,2024-12-09 20:00:00,975.2604,987.2566,15.9
Babil,2024-12-09 21:00:00,913.8706,925.78973,15.1
Babil,2024-12-09 22:00:00,853.87604,855.6665,14.1
Babil,2024-12-09 23:00:00,788.3006,787.70276,13.3
Babil,2024-12-10 00:00:00,705.6814,718.43115,12.8
Babil,2024-12-10 01:00:00,649.22687,657.9889,12.4
Babil,2024-12-10 02:00:00,626.645,636.6262,12.1
Babil,2024-12-10 03:00:00,665.2167,660.00964,11.9
Babil,2024-12-10 04:00:00,734.5972,742.3002,11.3
Babil,2024-12-10 05:00:00,879.279,845.0997,10.9
Babil,2024-12-10 06:00:00,1028.4004,976.2336,10.6
Babil,2024-12-10 07:00:00,1037.3517,1070.8105,10.2
Babil,2024-12-10 08:00:00,1058.5221,1058.645,11.4
Babil,2024-12-10 09:00:00,1106.5084,1080.4248,13.6
Babil,2024-12-10 10:00:00,1129.0902,1123.2656,16.0
Babil,2024-12-10 11:00:00,1146.0266,1132.1499,18.2
Babil,2024-12-10 12:00:00,1107.9198,1132.438,20.0
Babil,2024-12-10 13:00:00,1096.6289,1102.1815,21.0
Babil,2024-12-10 14:00:00,1122.0334,1106.8403,21.5
Babil,2024-12-10 15:00:00,1157.3175,1146.6158,21.4
Babil,2024-12-10 16:00:00,1220.8289,1182.231,21.0
Babil,2024-12-10 17:00:00,1161.5516,1204.5824,18.5
Babil,2024-12-10 18:00:00,1096.6289,1117.9425,17.0
Babil,2024-12-10 19:00:00,1040.1743,1043.1514,16.1
Babil,2024-12-10 20:00:00,986.5426,983.3595,15.4
Babil,2024-12-10 21:00:00,924.4426,921.718,14.6
Babil,2024-12-10 22:00:00,863.754,854.2805,14.1
Babil,2024-12-10 23:00:00,797.42,789.2434,13.6
Babil,2024-12-11 00:00:00,696.8441,725.09375,13.2
Babil,2024-12-11 01:00:00,651.6067,648.65735,12.7
Babil,2024-12-11 02:00:00,618.7975,637.16675,12.2
Babil,2024-12-11 03:00:00,656.8861,652.07715,11.8
Babil,2024-12-11 04:00:00,725.3978,733.2876,10.8
Babil,2024-12-11 05:00:00,868.26776,837.39404,10.4
Babil,2024-12-11 06:00:00,1015.52167,972.67993,9.9
Babil,2024-12-11 07:00:00,1024.3608,1064.6351,9.4
Babil,2024-12-11 08:00:00,1045.2661,1050.6444,10.7
Babil,2024-12-11 09:00:00,1092.6516,1074.9441,12.9
Babil,2024-12-11 10:00:00,1114.9506,1115.2307,15.4
Babil,2024-12-11 11:00:00,1131.6748,1125.1892,17.8
Babil,2024-12-11 12:00:00,1094.0453,1125.0425,19.8
Babil,2024-12-11 13:00:00,1082.8958,1094.5518,21.0
Babil,2024-12-11 14:00:00,1107.9822,1101.2213,21.6
Babil,2024-12-11 15:00:00,1142.8243,1140.4261,21.5
Babil,2024-12-11 16:00:00,1205.5403,1175.9359,21.2
Babil,2024-12-11 17:00:00,1147.0054,1199.2758,17.5
Babil,2024-12-11 18:00:00,1082.8958,1110.2009,16.2
Babil,2024-12-11 19:00:00,1027.1482,1038.8687,14.8
Babil,2024-12-11 20:00:00,974.18805,979.8136,13.6
Babil,2024-12-11 21:00:00,912.8658,919.37854,12.9
Babil,2024-12-11 22:00:00,852.9372,851.5774,12.1
Babil,2024-12-11 23:00:00,787.43384,785.7071,11.5
Babil,2024-12-12 00:00:00,720.50934,719.7375,11.1
Babil,2024-12-12 01:00:00,659.5839,670.8768,10.9
Babil,2024-12-12 02:00:00,630.4457,642.6293,10.4
Babil,2024-12-12 03:00:00,646.33936,659.37384,9.9
Babil,2024-12-12 04:00:00,715.2115,721.3071,9.4
Babil,2024-12-12 05:00:00,825.14215,828.3176,9.3
Babil,2024-12-12 06:00:00,965.0822,935.30347,9.4
Babil,2024-12-12 07:00:00,973.4823,1030.3765,9.1
Babil,2024-12-12 08:00:00,993.3493,1013.5473,10.9
Babil,2024-12-12 09:00:00,1038.3811,1036.0944,12.9
Babil,2024-12-12 10:00:00,1059.5726,1072.1476,14.8
Babil,2024-12-12 11:00:00,1075.4662,1079.7338,16.9
Babil,2024-12-12 12:00:00,1039.7056,1081.3237,18.4
Babil,2024-12-12 13:00:00,1029.1099,1050.905,20.4
Babil,2024-12-12 14:00:00,1052.9502,1057.9113,21.4
Babil,2024-12-12 15:00:00,1132.4182,1093.1266,21.5
Babil,2024-12-12 16:00:00,1192.0192,1163.338,20.5
Babil,2024-12-12 17:00:00,1152.2852,1178.5707,17.8
Babil,2024-12-12 18:00:00,1108.5778,1105.4724,16.2
Babil,2024-12-12 19:00:00,1059.5726,1045.7565,16.5
Babil,2024-12-12 20:00:00,1013.21625,992.6884,16.6
Babil,2024-12-12 21:00:00,957.5887,938.3573,16.6
Babil,2024-12-12 22:00:00,903.28564,875.0707,16.3
Babil,2024-12-12 23:00:00,837.0623,814.01953,15.4
Babil,2024-12-13 00:00:00,787.3457,748.10754,15.0
Babil,2024-12-13 01:00:00,726.3337,708.2919,14.7
Babil,2024-12-13 02:00:00,682.75366,673.94165,14.1
Babil,2024-12-13 03:00:00,692.9223,671.14545,14.1
Babil,2024-12-13 04:00:00,726.3337,727.3879,14.4
Babil,2024-12-13 05:00:00,806.23035,800.14124,14.4
Babil,2024-12-13 06:00:00,883.0836,896.65686,14.4
Babil,2024-12-13 07:00:00,1014.6823,952.09125,13.6
Babil,2024-12-13 08:00:00,1095.3112,1041.7369,14.1
Babil,2024-12-13 09:00:00,1117.1012,1088.678,16.3
Babil,2024-12-13 10:00:00,1146.1545,1093.8091,18.0
Babil,2024-12-13 11:00:00,1118.5538,1109.9479,19.5
Babil,2024-12-13 12:00:00,1065.0782,1080.0541,20.7
Babil,2024-12-13 13:00:00,1009.88336,1047.5123,21.5
Babil,2024-12-13 14:00:00,991.2366,1029.1908,22.0
Babil,2024-12-13 15:00:00,1011.8757,1046.1752,21.9
Babil,2024-12-13 16:00:00,1131.3224,1077.465,21.0
Babil,2024-12-13 17:00:00,1171.5701,1154.5414,18.5
Babil,2024-12-13 18:00:00,1162.1339,1150.761,17.5
Babil,2024-12-13 19:00:00,1111.2905,1114.6007,16.6
Babil,2024-12-13 20:00:00,1016.8671,1052.6049,15.6
Babil,2024-12-13 21:00:00,951.49713,961.0913,14.9
Babil,2024-12-13 22:00:00,871.6004,895.63416,14.3
Babil,2024-12-13 23:00:00,833.83105,820.86206,13.9
Babil,2024-12-14 00:00:00,1130.0205,786.62805,13.1
Babil,2024-12-14 01:00:00,1088.8573,1022.76447,12.2
Babil,2024-12-14 02:00:00,1072.5839,946.13916,11.8
Babil,2024-12-14 03:00:00,1086.8307,939.02783,11.1
Babil,2024-12-14 04:00:00,1173.157,977.53784,10.1
Babil,2024-12-14 05:00:00,1293.2004,1084.1943,9.6
Babil,2024-12-14 06:00:00,1446.7357,1210.296,9.2
Babil,2024-12-14 07:00:00,1597.2218,1357.8301,8.9
Babil,2024-12-14 08:00:00,1693.1399,1446.0537,9.6
Babil,2024-12-14 09:00:00,1711.1532,1487.3359,11.4
Babil,2024-12-14 10:00:00,1708.6606,1491.6012,13.0
Babil,2024-12-14 11:00:00,1724.9125,1478.7302,14.8
Babil,2024-12-14 12:00:00,1677.0045,1474.3846,15.6
Babil,2024-12-14 13:00:00,1633.8385,1438.2231,15.6
Babil,2024-12-14 14:00:00,1616.3158,1411.3525,15.4
Babil,2024-12-14 15:00:00,1654.2523,1414.8468,15.4
Babil,2024-12-14 16:00:00,1688.2069,1459.7993,15.1
Babil,2024-12-14 17:00:00,1724.524,1466.1013,13.6
Babil,2024-12-14 18:00:00,1640.0022,1457.017,12.6
Babil,2024-12-14 19:00:00,1577.5967,1381.3196,11.8
Babil,2024-12-14 20:00:00,1483.8552,1307.2764,10.9
Babil,2024-12-14 21:00:00,1395.8824,1224.9904,10.0
Babil,2024-12-14 22:00:00,1280.191,1160.0034,9.1
Babil,2024-12-14 23:00:00,1208.701,1114.1295,8.4
Babil,2024-12-15 00:00:00,1214.1528,1141.8163,7.9
Babil,2024-12-15 01:00:00,1066.9828,1150.4918,7.5
Babil,2024-12-15 02:00:00,901.4165,1061.5435,6.9
Babil,2024-12-15 03:00:00,883.02026,986.4482,6.3
Babil,2024-12-15 04:00:00,1043.8766,1053.9591,5.7
Babil,2024-12-15 05:00:00,1240.1582,1238.5498,5.1
Babil,2024-12-15 06:00:00,1365.0021,1423.326,4.7
Babil,2024-12-15 07:00:00,1412.8324,1521.6885,4.1
Babil,2024-12-15 08:00:00,1420.1909,1548.9601,4.9
Babil,2024-12-15 09:00:00,1508.4929,1543.1246,7.0
Babil,2024-12-15 10:00:00,1600.4742,1596.1915,9.3
Babil,2024-12-15 11:00:00,1582.0779,1631.6104,11.4
Babil,2024-12-15 12:00:00,1545.2854,1594.9574,13.0
Babil,2024-12-15 13:00:00,1498.2943,1563.8594,14.1
Babil,2024-12-15 14:00:00,1500.882,1539.5898,14.6
Babil,2024-12-15 15:00:00,1618.8705,1553.5016,14.6
Babil,2024-12-15 16:00:00,1807.6781,1628.3401,14.3
Babil,2024-12-15 17:00:00,1804.7203,1680.2886,11.4
Babil,2024-12-15 18:00:00,1766.0405,1642.672,9.9
Babil,2024-12-15 19:00:00,1721.8895,1592.9604,9.2
Babil,2024-12-15 20:00:00,1655.663,1539.1362,8.4
Babil,2024-12-15 21:00:00,1545.2854,1473.8651,7.2
Babil,2024-12-15 22:00:00,1434.9078,1377.8159,6.3
Babil,2024-12-15 23:00:00,1287.7379,1283.6179,5.6
Babil,2024-12-16 00:00:00,1177.4531,1165.7417,5.0
Babil,2024-12-16 01:00:00,1034.7314,1056.4031,4.8
Babil,2024-12-16 02:00:00,874.16974,949.7581,4.6
Babil,2024-12-16 03:00:00,856.3295,888.59985,4.3
Babil,2024-12-16 04:00:00,1012.32367,978.2119,3.0
Babil,2024-12-16 05:00:00,1202.6724,1184.023,2.5
Babil,2024-12-16 06:00:00,1323.7427,1339.1556,2.3
Babil,2024-12-16 07:00:00,1370.1272,1406.2693,1.9
Babil,2024-12-16 08:00:00,1377.2633,1430.5083,3.4
Babil,2024-12-16 09:00:00,1462.8962,1455.1658,5.9
Babil,2024-12-16 10:00:00,1552.0973,1521.204,8.8
Babil,2024-12-16 11:00:00,1534.2571,1557.9219,11.5
Babil,2024-12-16 12:00:00,1498.5767,1517.8381,13.6
Babil,2024-12-16 13:00:00,1453.006,1490.187,14.8
Babil,2024-12-16 14:00:00,1455.5154,1482.8124,14.9
Babil,2024-12-16 15:00:00,1569.9375,1534.1809,14.6
Babil,2024-12-16 16:00:00,1753.0381,1642.101,14.1
Babil,2024-12-16 17:00:00,1750.1697,1695.6588,10.6
Babil,2024-12-16 18:00:00,1712.659,1665.2539,9.0
Babil,2024-12-16 19:00:00,1669.8425,1620.2761,7.8
Babil,2024-12-16 20:00:00,1605.6178,1566.8452,7.1
Babil,2024-12-16 21:00:00,1498.5767,1490.5056,6.2
Babil,2024-12-16 22:00:00,1391.5355,1386.4346,5.4
Babil,2024-12-16 23:00:00,1248.8138,1265.7644,5.0
Babil,2024-12-17 00:00:00,1158.917,1125.3478,4.2
Babil,2024-12-17 01:00:00,1018.4422,1031.2627,3.3
Babil,2024-12-17 02:00:00,860.4081,923.498,2.7
Babil,2024-12-17 03:00:00,842.84875,864.89624,2.2
Babil,2024-12-17 04:00:00,996.38715,950.2381,1.5
Babil,2024-12-17 05:00:00,1183.7393,1155.5581,1.3
Babil,2024-12-17 06:00:00,1302.9037,1310.6685,1.4
Babil,2024-12-17 07:00:00,1348.558,1376.0516,0.9
Babil,2024-12-17 08:00:00,1355.5817,1396.9692,3.3
Babil,2024-12-17 09:00:00,1439.8666,1423.9633,6.5
Babil,2024-12-17 10:00:00,1527.6633,1490.732,9.8
Babil,2024-12-17 11:00:00,1510.104,1525.1714,12.4
Babil,2024-12-17 12:00:00,1474.9852,1482.6915,13.9
Babil,2024-12-17 13:00:00,1430.132,1453.089,14.9
Babil,2024-12-17 14:00:00,1432.6019,1443.2566,15.4
Babil,2024-12-17 15:00:00,1545.2227,1496.3939,15.2
Babil,2024-12-17 16:00:00,1725.4409,1613.1892,15.2
Babil,2024-12-17 17:00:00,1722.6176,1677.872,11.8
Babil,2024-12-17 18:00:00,1685.6975,1640.992,10.6
Babil,2024-12-17 19:00:00,1643.555,1593.953,9.6
Babil,2024-12-17 20:00:00,1580.3413,1537.5864,9.1
Babil,2024-12-17 21:00:00,1474.9852,1460.6873,8.3
Babil,2024-12-17 22:00:00,1369.6292,1353.5012,7.5
Babil,2024-12-17 23:00:00,1229.1544,1235.7097,6.9
Babil,2024-12-18 00:00:00,1068.6582,1100.7805,6.4
Babil,2024-12-18 01:00:00,985.88007,957.2855,6.2
Babil,2024-12-18 02:00:00,913.5424,898.8435,6.1
Babil,2024-12-18 03:00:00,935.9149,896.5408,5.8
Babil,2024-12-18 04:00:00,1076.8615,1003.7884,4.9
Babil,2024-12-18 05:00:00,1256.841,1184.5111,4.6
Babil,2024-12-18 06:00:00,1383.3643,1342.1248,4.3
Babil,2024-12-18 07:00:00,1431.838,1416.4296,4.0
Babil,2024-12-18 08:00:00,1439.2954,1439.6549,5.3
Babil,2024-12-18 09:00:00,1528.7853,1460.1179,7.8
Babil,2024-12-18 10:00:00,1622.0039,1531.9124,10.6
Babil,2024-12-18 11:00:00,1603.3602,1571.6882,13.1
Babil,2024-12-18 12:00:00,1566.0728,1535.5457,15.0
Babil,2024-12-18 13:00:00,1518.4496,1507.6736,15.9
Babil,2024-12-18 14:00:00,1548.9205,1498.2554,16.3
Babil,2024-12-18 15:00:00,1607.089,1562.491,16.0
Babil,2024-12-18 16:00:00,1739.8323,1629.7798,16.1
Babil,2024-12-18 17:00:00,1715.2225,1673.1321,13.6
Babil,2024-12-18 18:00:00,1664.5116,1626.2961,12.1
Babil,2024-12-18 19:00:00,1582.4792,1575.1472,11.0
Babil,2024-12-18 20:00:00,1466.1425,1502.3961,9.9
Babil,2024-12-18 21:00:00,1367.7035,1389.6895,9.1
Babil,2024-12-18 22:00:00,1292.3829,1283.9314,8.4
Babil,2024-12-18 23:00:00,1193.1982,1185.3457,7.7
Babil,2024-12-19 00:00:00,1015.50653,1074.9109,7.1
Babil,2024-12-19 01:00:00,936.8455,937.9329,6.8
Babil,2024-12-19 02:00:00,868.1057,903.4806,6.4
Babil,2024-12-19 03:00:00,889.3654,914.51117,6.2
Babil,2024-12-19 04:00:00,1023.30176,1020.5799,5.3
Babil,2024-12-19 05:00:00,1194.3296,1191.4915,5.1
Babil,2024-12-19 06:00:00,1314.56,1333.7462,4.7
Babil,2024-12-19 07:00:00,1360.6228,1406.0918,4.2
Babil,2024-12-19 08:00:00,1367.7094,1433.6116,5.9
Babil,2024-12-19 09:00:00,1452.7483,1454.4022,8.6
Babil,2024-12-19 10:00:00,1541.3306,1522.7341,11.8
Babil,2024-12-19 11:00:00,1523.6141,1559.5693,14.4
Babil,2024-12-19 12:00:00,1488.1812,1522.0958,16.0
Babil,2024-12-19 13:00:00,1442.9266,1494.1382,17.0
Babil,2024-12-19 14:00:00,1471.8821,1482.0464,17.3
Babil,2024-12-19 15:00:00,1527.1573,1531.0498,17.1
Babil,2024-12-19 16:00:00,1653.2985,1585.5212,17.1
Babil,2024-12-19 17:00:00,1629.9127,1632.1843,14.1
Babil,2024-12-19 18:00:00,1590.9365,1581.7443,12.7
Babil,2024-12-19 19:00:00,1534.2439,1520.869,11.5
Babil,2024-12-19 20:00:00,1465.5042,1444.7756,10.3
Babil,2024-12-19 21:00:00,1401.725,1362.5688,9.3
Babil,2024-12-19 22:00:00,1330.1505,1282.9287,8.6
Babil,2024-12-19 23:00:00,1243.6943,1190.7028,8.2
Babil,2024-12-20 00:00:00,1121.1425,1084.8959,7.8
Babil,2024-12-20 01:00:00,1010.03827,987.97186,7.2
Babil,2024-12-20 02:00:00,985.79736,924.6576,6.7
Babil,2024-12-20 03:00:00,999.93787,966.98615,6.4
Babil,2024-12-20 04:00:00,1054.48,1061.3362,4.4
Babil,2024-12-20 05:00:00,1121.1425,1166.8204,4.0
Babil,2024-12-20 06:00:00,1212.0459,1253.7177,3.5
Babil,2024-12-20 07:00:00,1345.371,1324.205,3.9
Babil,2024-12-20 08:00:00,1454.4551,1422.9786,6.5
Babil,2024-12-20 09:00:00,1547.3787,1502.1504,9.4
Babil,2024-12-20 10:00:00,1595.8605,1553.3018,10.6
Babil,2024-12-20 11:00:00,1616.0612,1556.6229,10.1
Babil,2024-12-20 12:00:00,1585.76,1546.7744,11.6
Babil,2024-12-20 13:00:00,1531.218,1527.0037,13.9
Babil,2024-12-20 14:00:00,1545.3585,1512.0891,14.3
Babil,2024-12-20 15:00:00,1605.9608,1543.9692,14.5
Babil,2024-12-20 16:00:00,1704.9446,1601.2062,13.1
Babil,2024-12-20 17:00:00,1676.6635,1632.3429,10.7
Babil,2024-12-20 18:00:00,1634.242,1588.7817,10.1
Babil,2024-12-20 19:00:00,1569.5995,1540.7966,10.1
Babil,2024-12-20 20:00:00,1504.957,1480.262,9.6
Babil,2024-12-20 21:00:00,1444.3547,1414.8589,8.8
Babil,2024-12-20 22:00:00,1391.8328,1343.2592,8.7
Babil,2024-12-20 23:00:00,1345.371,1270.5825,6.7
Babil,2024-12-21 00:00:00,1122.9366,1196.5751,7.4
Babil,2024-12-21 01:00:00,1062.2374,1020.9055,7.0
Babil,2024-12-21 02:00:00,997.4915,998.10675,6.6
Babil,2024-12-21 03:00:00,1011.65466,987.58563,6.3
Babil,2024-12-21 04:00:00,1046.0509,1050.8475,7.4
Babil,2024-12-21 05:00:00,1096.6337,1126.0414,7.9
Babil,2024-12-21 06:00:00,1189.7059,1210.8792,8.0
Babil,2024-12-21 07:00:00,1317.6085,1312.997,7.4
Babil,2024-12-21 08:00:00,1479.9149,1421.2109,7.8
Babil,2024-12-21 09:00:00,1576.695,1533.6476,9.4
Babil,2024-12-21 10:00:00,1638.8806,1581.428,11.3
Babil,2024-12-21 11:00:00,1665.1836,1604.1567,12.5
Babil,2024-12-21 12:00:00,1618.6475,1603.147,12.8
Babil,2024-12-21 13:00:00,1608.5309,1563.1261,13.6
Babil,2024-12-21 14:00:00,1618.6475,1571.0813,14.1
Babil,2024-12-21 15:00:00,1653.0437,1600.4172,14.5
Babil,2024-12-21 16:00:00,1719.813,1633.331,14.2
Babil,2024-12-21 17:00:00,1709.6964,1642.5627,13.1
Babil,2024-12-21 18:00:00,1687.44,1607.7632,11.8
Babil,2024-12-21 19:00:00,1663.1603,1570.9573,10.9
Babil,2024-12-21 20:00:00,1624.7174,1535.5498,10.2
Babil,2024-12-21 21:00:00,1572.1113,1489.6324,9.6
Babil,2024-12-21 22:00:00,1507.3655,1432.4802,9.1
Babil,2024-12-21 23:00:00,1416.3165,1358.6235,8.6
Babil,2024-12-22 00:00:00,984.7061,1242.331,8.2
Babil,2024-12-22 01:00:00,908.4309,936.6082,7.9
Babil,2024-12-22 02:00:00,841.776,893.166,7.6
Babil,2024-12-22 03:00:00,862.3909,891.27563,7.3
Babil,2024-12-22 04:00:00,992.2649,956.21906,7.0
Babil,2024-12-22 05:00:00,1158.1055,1104.762,6.8
Babil,2024-12-22 06:00:00,1274.6893,1259.302,6.5
Babil,2024-12-22 07:00:00,1319.355,1365.7241,6.3
Babil,2024-12-22 08:00:00,1326.2267,1423.2065,7.2
Babil,2024-12-22 09:00:00,1408.6863,1442.3729,9.1
Babil,2024-12-22 10:00:00,1494.5818,1509.3326,11.4
Babil,2024-12-22 11:00:00,1477.4027,1556.7863,13.6
Babil,2024-12-22 12:00:00,1443.0446,1521.2517,15.3
Babil,2024-12-22 13:00:00,1399.1626,1495.2461,16.0
Babil,2024-12-22 14:00:00,1427.2397,1473.435,16.1
Babil,2024-12-22 15:00:00,1480.8385,1512.5171,15.9
Babil,2024-12-22 16:00:00,1603.1538,1559.3196,15.6
Babil,2024-12-22 17:00:00,1580.4773,1623.0405,13.0
Babil,2024-12-22 18:00:00,1533.7502,1591.2675,11.6
Babil,2024-12-22 19:00:00,1458.1621,1548.5344,10.6
Babil,2024-12-22 20:00:00,1350.9646,1482.7932,9.9
Babil,2024-12-22 21:00:00,1260.2589,1383.6638,9.1
Babil,2024-12-22 22:00:00,1190.8553,1281.2524,8.4
Babil,2024-12-22 23:00:00,1099.4625,1160.7626,7.8
Babil,2024-12-23 00:00:00,919.2445,991.6127,7.5
Babil,2024-12-23 01:00:00,848.04,856.1387,7.3
Babil,2024-12-23 02:00:00,785.81616,829.7936,7.2
Babil,2024-12-23 03:00:00,805.0606,839.1877,7.1
Babil,2024-12-23 04:00:00,926.30084,928.5441,6.7
Babil,2024-12-23 05:00:00,1081.1166,1082.3387,6.5
Babil,2024-12-23 06:00:00,1189.9502,1210.9885,6.0
Babil,2024-12-23 07:00:00,1231.6465,1277.9551,5.9
Babil,2024-12-23 08:00:00,1238.0614,1300.278,7.3
Babil,2024-12-23 09:00:00,1315.0393,1322.4457,9.6
Babil,2024-12-23 10:00:00,1395.2246,1386.9374,12.3
Babil,2024-12-23 11:00:00,1379.1875,1421.0339,14.8
Babil,2024-12-23 12:00:00,1347.1134,1383.0161,16.5
Babil,2024-12-23 13:00:00,1306.1486,1355.2361,17.5
Babil,2024-12-23 14:00:00,1332.3593,1347.8044,17.9
Babil,2024-12-23 15:00:00,1382.3949,1398.1693,17.7
Babil,2024-12-23 16:00:00,1496.5789,1457.0347,17.8
Babil,2024-12-23 17:00:00,1475.4099,1526.8071,14.8
Babil,2024-12-23 18:00:00,1431.7891,1462.1602,12.9
Babil,2024-12-23 19:00:00,1361.2261,1391.5953,11.4
Babil,2024-12-23 20:00:00,1261.1548,1306.221,10.9
Babil,2024-12-23 21:00:00,1176.479,1202.9711,10.4
Babil,2024-12-23 22:00:00,1111.6893,1113.0204,9.6
Babil,2024-12-23 23:00:00,1026.3721,1025.5664,9.1
Babil,2024-12-24 00:00:00,889.87244,921.8821,8.6
Babil,2024-12-24 01:00:00,820.94305,820.2903,8.4
Babil,2024-12-24 02:00:00,760.7074,791.845,7.8
Babil,2024-12-24 03:00:00,779.337,794.8809,7.1
Babil,2024-12-24 04:00:00,896.7033,877.9738,6.8
Babil,2024-12-24 05:00:00,1046.5723,1033.1135,6.4
Babil,2024-12-24 06:00:00,1151.9283,1156.161,6.0
Babil,2024-12-24 07:00:00,1192.2925,1221.6658,5.4
Babil,2024-12-24 08:00:00,1198.5023,1242.9979,6.8
Babil,2024-12-24 09:00:00,1273.0206,1265.4749,10.1
Babil,2024-12-24 10:00:00,1350.6438,1331.9825,13.6
Babil,2024-12-24 11:00:00,1335.1191,1366.465,16.0
Babil,2024-12-24 12:00:00,1304.0698,1327.0035,17.6
Babil,2024-12-24 13:00:00,1264.414,1298.7115,18.5
Babil,2024-12-24 14:00:00,1289.7872,1287.8074,18.9
Babil,2024-12-24 15:00:00,1338.2241,1336.2999,18.9
Babil,2024-12-24 16:00:00,1448.7595,1393.7759,18.4
Babil,2024-12-24 17:00:00,1428.267,1461.5988,15.8
Babil,2024-12-24 18:00:00,1386.0399,1399.0887,14.9
Babil,2024-12-24 19:00:00,1317.7316,1333.8773,13.4
Babil,2024-12-24 20:00:00,1220.8578,1248.1997,11.4
Babil,2024-12-24 21:00:00,1138.8877,1144.3787,10.6
Babil,2024-12-24 22:00:00,1076.1681,1060.2734,9.4
Babil,2024-12-24 23:00:00,993.577,979.99817,8.9
Babil,2024-12-25 00:00:00,900.979,893.3269,8.4
Babil,2024-12-25 01:00:00,852.27747,823.4606,8.1
Babil,2024-12-25 02:00:00,800.3291,805.97174,7.9
Babil,2024-12-25 03:00:00,811.6928,810.3602,7.5
Babil,2024-12-25 04:00:00,839.29034,883.72156,7.0
Babil,2024-12-25 05:00:00,879.875,962.4311,6.6
Babil,2024-12-25 06:00:00,954.5508,1024.1616,6.1
Babil,2024-12-25 07:00:00,1057.1724,1085.7117,5.8
Babil,2024-12-25 08:00:00,1187.3976,1159.5087,7.2
Babil,2024-12-25 09:00:00,1265.0483,1267.1443,10.3
Babil,2024-12-25 10:00:00,1314.9424,1312.158,13.6
Babil,2024-12-25 11:00:00,1336.0464,1324.4171,16.2
Babil,2024-12-25 12:00:00,1298.7085,1315.9755,17.8
Babil,2024-12-25 13:00:00,1290.5916,1278.4254,18.8
Babil,2024-12-25 14:00:00,1298.7085,1287.1184,19.1
Babil,2024-12-25 15:00:00,1326.306,1319.3916,18.9
Babil,2024-12-25 16:00:00,1379.8778,1362.795,18.6
Babil,2024-12-25 17:00:00,1371.7609,1393.2095,15.2
Babil,2024-12-25 18:00:00,1353.9036,1346.3794,13.9
Babil,2024-12-25 19:00:00,1334.423,1302.2754,12.6
Babil,2024-12-25 20:00:00,1303.5786,1251.9423,11.5
Babil,2024-12-25 21:00:00,1261.3706,1195.7216,10.8
Babil,2024-12-25 22:00:00,1209.4222,1138.1041,10.4
Babil,2024-12-25 23:00:00,1136.37,1070.2234,9.8
Babil,2024-12-26 00:00:00,822.0913,989.7608,8.6
Babil,2024-12-26 01:00:00,758.41223,761.2838,7.8
Babil,2024-12-26 02:00:00,702.7648,735.39197,7.5
Babil,2024-12-26 03:00:00,719.97534,729.37286,7.2
Babil,2024-12-26 04:00:00,828.40186,778.9656,5.9
Babil,2024-12-26 05:00:00,966.85547,901.3069,5.7
Babil,2024-12-26 06:00:00,1064.1866,1046.3777,5.3
Babil,2024-12-26 07:00:00,1101.4762,1127.3302,4.9
Babil,2024-12-26 08:00:00,1107.213,1172.6287,6.6
Babil,2024-12-26 09:00:00,1176.0553,1192.8564,9.6
Babil,2024-12-26 10:00:00,1247.766,1251.4138,13.6
Babil,2024-12-26 11:00:00,1233.4238,1291.1819,16.9
Babil,2024-12-26 12:00:00,1204.7396,1252.9808,18.9
Babil,2024-12-26 13:00:00,1168.1042,1223.2958,20.1
Babil,2024-12-26 14:00:00,1191.5448,1202.1533,21.0
Babil,2024-12-26 15:00:00,1236.2922,1239.2522,21.0
Babil,2024-12-26 16:00:00,1338.4083,1286.0251,20.8
Babil,2024-12-26 17:00:00,1319.4767,1360.3436,18.3
Babil,2024-12-26 18:00:00,1287.924,1321.0227,16.7
Babil,2024-12-26 19:00:00,1242.0292,1282.0334,16.1
Babil,2024-12-26 20:00:00,1186.3816,1233.8187,15.8
Babil,2024-12-26 21:00:00,1134.75,1164.4543,15.9
Babil,2024-12-26 22:00:00,1076.8077,1090.7078,16.0
Babil,2024-12-26 23:00:00,1006.81805,994.3101,15.9
Babil,2024-12-27 00:00:00,658.5636,869.8605,15.6
Babil,2024-12-27 01:00:00,653.6314,617.64435,15.8
Babil,2024-12-27 02:00:00,673.1554,634.0033,15.9
Babil,2024-12-27 03:00:00,631.06726,700.7236,15.9
Babil,2024-12-27 04:00:00,645.5845,719.9321,15.9
Babil,2024-12-27 05:00:00,746.01935,783.7452,15.8
Babil,2024-12-27 06:00:00,951.02716,895.63513,15.9
Babil,2024-12-27 07:00:00,1092.751,1053.3943,15.9
Babil,2024-12-27 08:00:00,1179.5833,1138.3374,16.3
Babil,2024-12-27 09:00:00,1203.0498,1195.679,17.4
Babil,2024-12-27 10:00:00,1234.3385,1205.1707,18.7
Babil,2024-12-27 11:00:00,1204.6143,1212.9272,19.6
Babil,2024-12-27 12:00:00,1147.0242,1176.7078,20.6
Babil,2024-12-27 13:00:00,1087.5828,1135.552,21.5
Babil,2024-12-27 14:00:00,1067.5013,1116.2034,21.5
Babil,2024-12-27 15:00:00,1089.7284,1132.1372,21.9
Babil,2024-12-27 16:00:00,1218.3651,1178.8601,21.9
Babil,2024-12-27 17:00:00,1261.7095,1274.1549,21.2
Babil,2024-12-27 18:00:00,1165.2079,1283.3538,20.2
Babil,2024-12-27 19:00:00,1051.2407,1187.1484,19.5
Babil,2024-12-27 20:00:00,970.41516,1079.1366,18.9
Babil,2024-12-27 21:00:00,880.23975,994.1767,17.9
Babil,2024-12-27 22:00:00,779.0882,892.973,15.4
Babil,2024-12-27 23:00:00,696.1432,764.3756,13.7
Babil,2024-12-28 00:00:00,867.23785,646.93286,13.3
Babil,2024-12-28 01:00:00,820.3601,809.513,12.9
Babil,2024-12-28 02:00:00,770.35724,766.06116,12.4
Babil,2024-12-28 03:00:00,781.29535,729.0281,12.4
Babil,2024-12-28 04:00:00,807.8594,777.58777,12.4
Babil,2024-12-28 05:00:00,846.92413,856.85175,11.6
Babil,2024-12-28 06:00:00,918.80334,933.1797,10.4
Babil,2024-12-28 07:00:00,1017.58185,1019.02734,10.2
Babil,2024-12-28 08:00:00,1142.9302,1108.1846,11.1
Babil,2024-12-28 09:00:00,1217.6729,1201.6906,12.9
Babil,2024-12-28 10:00:00,1265.6985,1242.1448,15.0
Babil,2024-12-28 11:00:00,1286.0122,1252.7391,16.6
Babil,2024-12-28 12:00:00,1250.0725,1241.4183,17.9
Babil,2024-12-28 13:00:00,1242.2596,1201.8098,18.4
Babil,2024-12-28 14:00:00,1250.0725,1203.3372,18.5
Babil,2024-12-28 15:00:00,1276.6366,1227.7189,18.2
Babil,2024-12-28 16:00:00,1328.2021,1272.3608,17.8
Babil,2024-12-28 17:00:00,1320.3892,1300.8522,14.8
Babil,2024-12-28 18:00:00,1303.2007,1241.87,13.4
Babil,2024-12-28 19:00:00,1284.4496,1188.094,12.9
Babil,2024-12-28 20:00:00,1254.7604,1139.2692,11.9
Babil,2024-12-28 21:00:00,1214.1329,1079.0358,10.8
Babil,2024-12-28 22:00:00,1164.1301,1025.0219,10.3
Babil,2024-12-28 23:00:00,1093.8135,991.5565,9.6
Babil,2024-12-29 00:00:00,897.0541,971.5675,9.1
Babil,2024-12-29 01:00:00,827.56836,823.86414,8.9
Babil,2024-12-29 02:00:00,766.8466,786.47595,8.4
Babil,2024-12-29 03:00:00,785.6265,767.3268,8.1
Babil,2024-12-29 04:00:00,903.94,815.5609,7.8
Babil,2024-12-29 05:00:00,1055.0186,944.23157,7.4
Babil,2024-12-29 06:00:00,1161.2249,1084.1273,6.9
Babil,2024-12-29 07:00:00,1201.9147,1169.5369,6.7
Babil,2024-12-29 08:00:00,1208.1747,1218.1914,7.9
Babil,2024-12-29 09:00:00,1283.2943,1235.325,10.4
Babil,2024-12-29 10:00:00,1361.5441,1300.8215,13.2
Babil,2024-12-29 11:00:00,1345.894,1346.3842,15.9
Babil,2024-12-29 12:00:00,1314.5942,1310.8685,17.9
Babil,2024-12-29 13:00:00,1274.6183,1284.241,19.1
Babil,2024-12-29 14:00:00,1300.1963,1264.0869,19.8
Babil,2024-12-29 15:00:00,1349.024,1301.4741,19.8
Babil,2024-12-29 16:00:00,1460.4515,1349.2863,20.0
Babil,2024-12-29 17:00:00,1439.7937,1419.1506,17.4
Babil,2024-12-29 18:00:00,1397.2258,1372.5693,15.8
Babil,2024-12-29 19:00:00,1328.3662,1325.0642,13.9
Babil,2024-12-29 20:00:00,1230.7106,1259.6525,13.2
Babil,2024-12-29 21:00:00,1148.079,1170.0038,12.2
Babil,2024-12-29 22:00:00,1084.8533,1086.7598,11.1
Babil,2024-12-29 23:00:00,1001.5956,1001.8501,10.6
Babil,2024-12-30 00:00:00,899.46606,898.7702,9.9
Babil,2024-12-30 01:00:00,829.7935,821.729,9.3
Babil,2024-12-30 02:00:00,768.9085,789.34644,8.4
Babil,2024-12-30 03:00:00,787.73895,790.4688,7.8
Babil,2024-12-30 04:00:00,906.37054,873.94147,7.6
Babil,2024-12-30 05:00:00,1057.8553,1030.0956,7.2
Babil,2024-12-30 06:00:00,1164.3472,1156.5397,7.0
Babil,2024-12-30 07:00:00,1205.1465,1223.5956,6.9
Babil,2024-12-30 08:00:00,1211.4232,1247.5952,8.1
Babil,2024-12-30 09:00:00,1286.7449,1267.6992,11.5
Babil,2024-12-30 10:00:00,1365.205,1336.3544,15.3
Babil,2024-12-30 11:00:00,1349.513,1370.1307,17.9
Babil,2024-12-30 12:00:00,1318.1289,1330.9071,19.0
Babil,2024-12-30 13:00:00,1278.0455,1300.1116,19.5
Babil,2024-12-30 14:00:00,1303.6923,1284.957,20.0
Babil,2024-12-30 15:00:00,1352.6514,1331.6104,19.7
Babil,2024-12-30 16:00:00,1464.3784,1388.3442,19.0
Babil,2024-12-30 17:00:00,1443.665,1457.0114,16.9
Babil,2024-12-30 18:00:00,1400.9827,1397.1182,15.3
Babil,2024-12-30 19:00:00,1331.9379,1328.3352,14.2
Babil,2024-12-30 20:00:00,1234.0198,1246.2366,13.4
Babil,2024-12-30 21:00:00,1151.1659,1144.2733,12.4
Babil,2024-12-30 22:00:00,1087.7701,1059.9631,11.4
Babil,2024-12-30 23:00:00,1004.2887,983.87787,10.8
Babil,2024-12-31 00:00:00,1065.3228,900.81494,10.3
Babil,2024-12-31 01:00:00,939.60944,944.8646,9.6
Babil,2024-12-31 02:00:00,894.249,852.64166,9.2
Babil,2024-12-31 03:00:00,907.2091,865.9572,8.9
Babil,2024-12-31 04:00:00,957.10565,946.7115,9.2
Babil,2024-12-31 05:00:00,1079.5789,1045.5564,8.0
Babil,2024-12-31 06:00:00,1180.6678,1169.002,6.8
Babil,2024-12-31 07:00:00,1244.1725,1240.7931,6.3
Babil,2024-12-31 08:00:00,1250.6526,1285.5593,7.9
Babil,2024-12-31 09:00:00,1328.4133,1303.2834,11.1
Babil,2024-12-31 10:00:00,1409.4142,1368.2268,14.1
Babil,2024-12-31 11:00:00,1393.214,1401.8691,16.5
Babil,2024-12-31 12:00:00,1360.8137,1364.7828,17.7
Babil,2024-12-31 13:00:00,1319.4323,1334.4529,18.4
Babil,2024-12-31 14:00:00,1331.6534,1319.1229,18.5
Babil,2024-12-31 15:00:00,1410.7102,1353.0352,18.5
Babil,2024-12-31 16:00:00,1511.7992,1432.1023,18.7
Babil,2024-12-31 17:00:00,1497.5431,1488.2534,15.6
Babil,2024-12-31 18:00:00,1458.0146,1428.06,14.2
Babil,2024-12-31 19:00:00,1402.9341,1362.7034,13.1
Babil,2024-12-31 20:00:00,1340.0775,1291.1246,12.1
Babil,2024-12-31 21:00:00,1281.757,1220.6277,11.1
Babil,2024-12-31 22:00:00,1216.3082,1159.7072,10.3
Babil,2024-12-31 23:00:00,1137.2515,1100.4037,9.6
Kirkuk,2024-12-02 00:00:00,1385.5337,1279.8289,5.2
Kirkuk,2024-12-02 01:00:00,1276.055,1273.8062,5.6
Kirkuk,2024-12-02 02:00:00,1229.1663,1199.3773,6.3
Kirkuk,2024-12-02 03:00:00,1246.9802,1217.5695,6.8
Kirkuk,2024-12-02 04:00:00,1333.9773,1297.2756,5.8
Kirkuk,2024-12-02 05:00:00,1421.1616,1418.8097,6.2
Kirkuk,2024-12-02 06:00:00,1581.4877,1525.6187,6.5
Kirkuk,2024-12-02 07:00:00,1630.9711,1658.3486,6.3
Kirkuk,2024-12-02 08:00:00,1690.3511,1683.6553,7.4
Kirkuk,2024-12-02 09:00:00,1763.5864,1727.8281,10.4
Kirkuk,2024-12-02 10:00:00,1801.1937,1770.5234,13.6
Kirkuk,2024-12-02 11:00:00,1760.424,1760.9958,15.6
Kirkuk,2024-12-02 12:00:00,1710.9891,1703.6006,16.6
Kirkuk,2024-12-02 13:00:00,1682.7031,1681.4453,17.0
Kirkuk,2024-12-02 14:00:00,1693.6869,1694.5833,17.0
Kirkuk,2024-12-02 15:00:00,1749.7311,1743.748,16.6
Kirkuk,2024-12-02 16:00:00,1918.7922,1810.1392,15.6
Kirkuk,2024-12-02 17:00:00,1864.5323,1896.584,13.6
Kirkuk,2024-12-02 18:00:00,1830.8837,1837.9146,12.4
Kirkuk,2024-12-02 19:00:00,1759.6277,1811.3005,11.8
Kirkuk,2024-12-02 20:00:00,1684.4131,1741.8889,11.1
Kirkuk,2024-12-02 21:00:00,1583.467,1648.6686,10.9
Kirkuk,2024-12-02 22:00:00,1470.645,1533.446,9.9
Kirkuk,2024-12-02 23:00:00,1367.7196,1403.388,9.2
Kirkuk,2024-12-03 00:00:00,1356.4773,1282.5845,9.1
Kirkuk,2024-12-03 01:00:00,1249.2947,1245.0573,8.6
Kirkuk,2024-12-03 02:00:00,1203.3892,1166.5726,8.0
Kirkuk,2024-12-03 03:00:00,1220.8296,1182.3818,7.4
Kirkuk,2024-12-03 04:00:00,1306.0022,1263.7472,6.3
Kirkuk,2024-12-03 05:00:00,1391.3582,1391.145,6.2
Kirkuk,2024-12-03 06:00:00,1548.3219,1498.5513,5.6
Kirkuk,2024-12-03 07:00:00,1596.7676,1631.8903,5.0
Kirkuk,2024-12-03 08:00:00,1654.9023,1661.5952,6.1
Kirkuk,2024-12-03 09:00:00,1726.6018,1706.6144,9.6
Kirkuk,2024-12-03 10:00:00,1763.4205,1750.367,11.7
Kirkuk,2024-12-03 11:00:00,1723.5057,1738.9875,13.1
Kirkuk,2024-12-03 12:00:00,1675.1075,1678.3977,14.1
Kirkuk,2024-12-03 13:00:00,1647.4148,1651.1556,14.9
Kirkuk,2024-12-03 14:00:00,1658.1681,1662.2826,15.2
Kirkuk,2024-12-03 15:00:00,1713.037,1710.2407,15.1
Kirkuk,2024-12-03 16:00:00,1878.5527,1781.8914,14.6
Kirkuk,2024-12-03 17:00:00,1825.4309,1876.1659,12.6
Kirkuk,2024-12-03 18:00:00,1792.4878,1812.5176,11.7
Kirkuk,2024-12-03 19:00:00,1722.7262,1785.3048,10.9
Kirkuk,2024-12-03 20:00:00,1649.0889,1715.2095,10.5
Kirkuk,2024-12-03 21:00:00,1550.2598,1625.554,9.9
Kirkuk,2024-12-03 22:00:00,1439.8037,1509.6655,9.2
Kirkuk,2024-12-03 23:00:00,1339.0369,1381.2871,8.1
Kirkuk,2024-12-04 00:00:00,1341.8076,1264.8547,7.0
Kirkuk,2024-12-04 01:00:00,1235.784,1247.06,6.1
Kirkuk,2024-12-04 02:00:00,1190.375,1173.1683,5.5
Kirkuk,2024-12-04 03:00:00,1207.6268,1189.204,5.2
Kirkuk,2024-12-04 04:00:00,1291.8783,1265.3856,3.3
Kirkuk,2024-12-04 05:00:00,1376.3113,1383.4344,3.0
Kirkuk,2024-12-04 06:00:00,1531.5775,1489.2129,3.0
Kirkuk,2024-12-04 07:00:00,1579.4993,1623.2297,3.1
Kirkuk,2024-12-04 08:00:00,1637.0052,1650.6807,4.8
Kirkuk,2024-12-04 09:00:00,1707.9294,1693.8793,8.9
Kirkuk,2024-12-04 10:00:00,1744.3499,1735.4727,12.5
Kirkuk,2024-12-04 11:00:00,1704.8667,1723.3921,14.2
Kirkuk,2024-12-04 12:00:00,1656.9921,1663.8867,15.1
Kirkuk,2024-12-04 13:00:00,1629.5988,1639.7069,15.7
Kirkuk,2024-12-04 14:00:00,1640.2358,1652.4084,15.9
Kirkuk,2024-12-04 15:00:00,1694.5114,1701.2146,15.8
Kirkuk,2024-12-04 16:00:00,1858.237,1771.7517,15.3
Kirkuk,2024-12-04 17:00:00,1805.6897,1863.0626,13.5
Kirkuk,2024-12-04 18:00:00,1773.1029,1799.0417,12.5
Kirkuk,2024-12-04 19:00:00,1704.0957,1768.6699,11.4
Kirkuk,2024-12-04 20:00:00,1631.2546,1691.6674,10.3
Kirkuk,2024-12-04 21:00:00,1533.4944,1598.3676,9.4
Kirkuk,2024-12-04 22:00:00,1424.2329,1479.8408,8.4
Kirkuk,2024-12-04 23:00:00,1324.5558,1351.1404,7.8
Kirkuk,2024-12-05 00:00:00,1244.0419,1241.6425,7.3
Kirkuk,2024-12-05 01:00:00,1145.7433,1159.0936,7.2
Kirkuk,2024-12-05 02:00:00,1103.6428,1102.6423,7.2
Kirkuk,2024-12-05 03:00:00,1119.6377,1121.6677,6.8
Kirkuk,2024-12-05 04:00:00,1197.7505,1187.4275,4.4
Kirkuk,2024-12-05 05:00:00,1276.0315,1295.6882,3.8
Kirkuk,2024-12-05 06:00:00,1419.9849,1393.9127,3.9
Kirkuk,2024-12-05 07:00:00,1464.4149,1527.0199,4.8
Kirkuk,2024-12-05 08:00:00,1539.0575,1550.7814,6.4
Kirkuk,2024-12-05 09:00:00,1611.9229,1609.7566,10.1
Kirkuk,2024-12-05 10:00:00,1656.3529,1649.8325,13.9
Kirkuk,2024-12-05 11:00:00,1624.3632,1643.4698,16.0
Kirkuk,2024-12-05 12:00:00,1558.6067,1582.6067,17.1
Kirkuk,2024-12-05 13:00:00,1537.2803,1536.0157,17.7
Kirkuk,2024-12-05 14:00:00,1599.4824,1561.604,17.8
Kirkuk,2024-12-05 15:00:00,1738.1041,1654.4539,17.2
Kirkuk,2024-12-05 16:00:00,1814.5239,1775.3127,15.9
Kirkuk,2024-12-05 17:00:00,1766.5396,1806.2178,14.0
Kirkuk,2024-12-05 18:00:00,1713.2234,1765.8337,12.7
Kirkuk,2024-12-05 19:00:00,1658.13,1724.6383,11.7
Kirkuk,2024-12-05 20:00:00,1604.9995,1660.8909,10.9
Kirkuk,2024-12-05 21:00:00,1556.8295,1579.5132,10.5
Kirkuk,2024-12-05 22:00:00,1498.1819,1494.7029,9.8
Kirkuk,2024-12-05 23:00:00,1431.3186,1402.7981,8.9
Kirkuk,2024-12-06 00:00:00,1343.0166,1304.4808,8.1
Kirkuk,2024-12-06 01:00:00,1266.6144,1210.0583,7.0
Kirkuk,2024-12-06 02:00:00,1237.2937,1161.3658,6.5
Kirkuk,2024-12-06 03:00:00,1219.9692,1184.9834,6.4
Kirkuk,2024-12-06 04:00:00,1289.1418,1228.8126,6.8
Kirkuk,2024-12-06 05:00:00,1304.3213,1343.8479,7.2
Kirkuk,2024-12-06 06:00:00,1350.3875,1391.7717,6.2
Kirkuk,2024-12-06 07:00:00,1470.2068,1452.8582,5.4
Kirkuk,2024-12-06 08:00:00,1556.0635,1573.9657,7.2
Kirkuk,2024-12-06 09:00:00,1604.2997,1632.0671,11.8
Kirkuk,2024-12-06 10:00:00,1601.3296,1644.1243,15.4
Kirkuk,2024-12-06 11:00:00,1633.1471,1596.8066,17.6
Kirkuk,2024-12-06 12:00:00,1656.3466,1600.9402,18.5
Kirkuk,2024-12-06 13:00:00,1648.1161,1622.2,18.8
Kirkuk,2024-12-06 14:00:00,1597.0974,1638.8646,18.6
Kirkuk,2024-12-06 15:00:00,1554.3162,1640.2483,18.0
Kirkuk,2024-12-06 16:00:00,1649.2417,1642.062,17.4
Kirkuk,2024-12-06 17:00:00,1726.823,1714.3928,15.6
Kirkuk,2024-12-06 18:00:00,1751.9612,1728.1506,14.3
Kirkuk,2024-12-06 19:00:00,1710.1101,1712.1748,13.4
Kirkuk,2024-12-06 20:00:00,1672.0674,1664.6915,12.8
Kirkuk,2024-12-06 21:00:00,1612.286,1614.3499,12.4
Kirkuk,2024-12-06 22:00:00,1498.158,1542.4725,12.1
Kirkuk,2024-12-06 23:00:00,1377.0739,1428.7457,11.6
Kirkuk,2024-12-07 00:00:00,1156.7106,1298.9835,10.9
Kirkuk,2024-12-07 01:00:00,1084.7504,1098.6349,10.1
Kirkuk,2024-12-07 02:00:00,1054.2467,1056.7019,9.6
Kirkuk,2024-12-07 03:00:00,1058.7041,1066.3488,9.3
Kirkuk,2024-12-07 04:00:00,1153.606,1113.3588,8.8
Kirkuk,2024-12-07 05:00:00,1244.5579,1227.917,8.9
Kirkuk,2024-12-07 06:00:00,1414.7192,1329.5488,9.0
Kirkuk,2024-12-07 07:00:00,1420.3646,1503.8788,8.9
Kirkuk,2024-12-07 08:00:00,1449.8622,1491.7373,10.4
Kirkuk,2024-12-07 09:00:00,1481.4747,1513.5317,13.4
Kirkuk,2024-12-07 10:00:00,1528.7214,1525.7493,16.5
Kirkuk,2024-12-07 11:00:00,1524.478,1550.0618,18.8
Kirkuk,2024-12-07 12:00:00,1507.4526,1519.7595,19.7
Kirkuk,2024-12-07 13:00:00,1430.0137,1499.972,19.8
Kirkuk,2024-12-07 14:00:00,1450.4662,1437.6206,19.6
Kirkuk,2024-12-07 15:00:00,1450.3566,1484.1558,19.0
Kirkuk,2024-12-07 16:00:00,1574.3943,1511.26,17.9
Kirkuk,2024-12-07 17:00:00,1624.0271,1624.1874,15.8
Kirkuk,2024-12-07 18:00:00,1694.5697,1638.171,14.7
Kirkuk,2024-12-07 19:00:00,1664.3317,1668.7422,13.6
Kirkuk,2024-12-07 20:00:00,1605.041,1631.5643,12.5
Kirkuk,2024-12-07 21:00:00,1525.121,1564.2866,11.4
Kirkuk,2024-12-07 22:00:00,1424.4478,1470.6543,11.1
Kirkuk,2024-12-07 23:00:00,1360.0839,1348.6699,11.4
Kirkuk,2024-12-08 00:00:00,1119.0038,1247.185,12.1
Kirkuk,2024-12-08 01:00:00,1030.5852,1038.08,13.0
Kirkuk,2024-12-08 02:00:00,992.7162,995.7234,13.1
Kirkuk,2024-12-08 03:00:00,1007.1034,1004.2355,13.1
Kirkuk,2024-12-08 04:00:00,1077.3651,1065.3618,9.2
Kirkuk,2024-12-08 05:00:00,1147.7782,1161.5667,9.6
Kirkuk,2024-12-08 06:00:00,1277.2628,1260.6412,9.8
Kirkuk,2024-12-08 07:00:00,1317.2273,1387.0687,9.5
Kirkuk,2024-12-08 08:00:00,1365.1846,1403.0295,10.5
Kirkuk,2024-12-08 09:00:00,1424.3319,1439.4943,13.4
Kirkuk,2024-12-08 10:00:00,1454.7048,1476.4358,17.1
Kirkuk,2024-12-08 11:00:00,1421.7778,1463.7325,19.1
Kirkuk,2024-12-08 12:00:00,1381.8525,1395.1599,19.8
Kirkuk,2024-12-08 13:00:00,1359.0078,1350.9458,20.2
Kirkuk,2024-12-08 14:00:00,1367.8787,1354.9161,20.3
Kirkuk,2024-12-08 15:00:00,1413.1418,1383.3481,20.2
Kirkuk,2024-12-08 16:00:00,1549.6814,1452.3046,18.8
Kirkuk,2024-12-08 17:00:00,1505.8594,1570.4734,17.4
Kirkuk,2024-12-08 18:00:00,1478.6836,1527.6984,16.8
Kirkuk,2024-12-08 19:00:00,1421.1348,1509.1294,15.6
Kirkuk,2024-12-08 20:00:00,1360.3888,1447.6152,15.2
Kirkuk,2024-12-08 21:00:00,1278.8615,1371.5295,14.8
Kirkuk,2024-12-08 22:00:00,1187.7426,1273.322,14.1
Kirkuk,2024-12-08 23:00:00,1104.6166,1155.9868,13.6
Kirkuk,2024-12-09 00:00:00,1055.0591,1049.9694,12.3
Kirkuk,2024-12-09 01:00:00,971.6931,999.6602,10.9
Kirkuk,2024-12-09 02:00:00,935.9881,943.87634,10.7
Kirkuk,2024-12-09 03:00:00,949.55316,949.2921,11.9
Kirkuk,2024-12-09 04:00:00,1015.79987,1002.014,12.5
Kirkuk,2024-12-09 05:00:00,1082.1892,1090.2676,12.5
Kirkuk,2024-12-09 06:00:00,1204.2745,1166.6478,12.9
Kirkuk,2024-12-09 07:00:00,1241.9552,1291.2379,13.1
Kirkuk,2024-12-09 08:00:00,1287.1721,1303.7544,13.2
Kirkuk,2024-12-09 09:00:00,1342.9395,1334.7849,14.4
Kirkuk,2024-12-09 10:00:00,1371.5768,1367.942,15.2
Kirkuk,2024-12-09 11:00:00,1340.5314,1355.8091,16.2
Kirkuk,2024-12-09 12:00:00,1302.8876,1306.1317,17.2
Kirkuk,2024-12-09 13:00:00,1281.3483,1282.3228,17.6
Kirkuk,2024-12-09 14:00:00,1289.7123,1291.4579,17.5
Kirkuk,2024-12-09 15:00:00,1332.3889,1329.9087,17.2
Kirkuk,2024-12-09 16:00:00,1461.126,1394.6409,16.7
Kirkuk,2024-12-09 17:00:00,1419.8081,1483.3025,14.9
Kirkuk,2024-12-09 18:00:00,1394.1852,1422.5121,13.8
Kirkuk,2024-12-09 19:00:00,1339.925,1388.81,12.9
Kirkuk,2024-12-09 20:00:00,1282.6504,1329.6855,12.4
Kirkuk,2024-12-09 21:00:00,1205.7819,1262.64,12.0
Kirkuk,2024-12-09 22:00:00,1119.8699,1172.6898,11.8
Kirkuk,2024-12-09 23:00:00,1041.494,1085.7949,11.4
Kirkuk,2024-12-10 00:00:00,1103.3496,1006.0651,10.6
Kirkuk,2024-12-10 01:00:00,1016.16797,1059.453,9.9
Kirkuk,2024-12-10 02:00:00,978.8288,985.7675,10.0
Kirkuk,2024-12-10 03:00:00,993.0147,980.1977,9.9
Kirkuk,2024-12-10 04:00:00,1062.2936,1026.2904,10.6
Kirkuk,2024-12-10 05:00:00,1131.7216,1122.3469,10.9
Kirkuk,2024-12-10 06:00:00,1259.3948,1206.6476,10.9
Kirkuk,2024-12-10 07:00:00,1298.8002,1322.396,10.7
Kirkuk,2024-12-10 08:00:00,1346.0865,1332.3054,11.4
Kirkuk,2024-12-10 09:00:00,1404.4065,1366.7935,13.8
Kirkuk,2024-12-10 10:00:00,1434.3546,1400.524,16.4
Kirkuk,2024-12-10 11:00:00,1401.8881,1394.8705,18.2
Kirkuk,2024-12-10 12:00:00,1362.5214,1352.3038,19.2
Kirkuk,2024-12-10 13:00:00,1339.9962,1339.7076,19.8
Kirkuk,2024-12-10 14:00:00,1348.743,1354.3617,19.8
Kirkuk,2024-12-10 15:00:00,1393.373,1395.853,19.2
Kirkuk,2024-12-10 16:00:00,1528.0024,1445.1259,17.8
Kirkuk,2024-12-10 17:00:00,1484.7933,1518.6814,15.4
Kirkuk,2024-12-10 18:00:00,1457.9978,1451.9403,13.5
Kirkuk,2024-12-10 19:00:00,1401.254,1411.1216,12.7
Kirkuk,2024-12-10 20:00:00,1341.3579,1345.7662,12.1
Kirkuk,2024-12-10 21:00:00,1260.9711,1273.8761,11.8
Kirkuk,2024-12-10 22:00:00,1171.1268,1180.6617,11.3
Kirkuk,2024-12-10 23:00:00,1089.1637,1097.4751,11.2
Kirkuk,2024-12-11 00:00:00,1091.9886,1041.4526,10.9
Kirkuk,2024-12-11 01:00:00,1005.7046,1042.4865,10.6
Kirkuk,2024-12-11 02:00:00,968.7499,980.04504,10.2
Kirkuk,2024-12-11 03:00:00,982.78973,980.6305,9.9
Kirkuk,2024-12-11 04:00:00,1051.3552,1031.827,10.4
Kirkuk,2024-12-11 05:00:00,1120.0682,1124.8248,10.2
Kirkuk,2024-12-11 06:00:00,1246.427,1209.4651,9.9
Kirkuk,2024-12-11 07:00:00,1285.4265,1329.7446,9.7
Kirkuk,2024-12-11 08:00:00,1332.2261,1343.5249,10.4
Kirkuk,2024-12-11 09:00:00,1389.9454,1377.3502,13.2
Kirkuk,2024-12-11 10:00:00,1419.5852,1406.9688,16.3
Kirkuk,2024-12-11 11:00:00,1387.453,1391.5557,18.0
Kirkuk,2024-12-11 12:00:00,1348.4917,1341.7393,18.6
Kirkuk,2024-12-11 13:00:00,1326.1985,1321.9296,19.0
Kirkuk,2024-12-11 14:00:00,1334.8551,1339.0864,19.1
Kirkuk,2024-12-11 15:00:00,1379.0256,1383.2952,18.8
Kirkuk,2024-12-11 16:00:00,1512.2687,1443.8466,17.6
Kirkuk,2024-12-11 17:00:00,1469.5046,1520.0636,15.3
Kirkuk,2024-12-11 18:00:00,1442.9849,1452.4329,14.2
Kirkuk,2024-12-11 19:00:00,1386.8256,1414.7405,13.1
Kirkuk,2024-12-11 20:00:00,1327.5461,1349.1008,11.4
Kirkuk,2024-12-11 21:00:00,1247.9869,1276.4291,9.5
Kirkuk,2024-12-11 22:00:00,1159.0679,1179.9491,9.4
Kirkuk,2024-12-11 23:00:00,1077.9487,1096.9613,10.2
Kirkuk,2024-12-12 00:00:00,1090.7255,1033.9023,10.9
Kirkuk,2024-12-12 01:00:00,1004.5413,1042.8341,11.6
Kirkuk,2024-12-12 02:00:00,967.62933,977.9778,11.9
Kirkuk,2024-12-12 03:00:00,981.65295,973.81006,11.6
Kirkuk,2024-12-12 04:00:00,1050.1392,1022.8779,9.8
Kirkuk,2024-12-12 05:00:00,1118.7727,1116.8871,9.6
Kirkuk,2024-12-12 06:00:00,1244.9852,1207.3491,10.1
Kirkuk,2024-12-12 07:00:00,1283.9397,1327.7443,10.6
Kirkuk,2024-12-12 08:00:00,1349.3833,1337.3259,11.6
Kirkuk,2024-12-12 09:00:00,1413.2686,1387.2043,13.1
Kirkuk,2024-12-12 10:00:00,1452.223,1415.4923,14.5
Kirkuk,2024-12-12 11:00:00,1424.1759,1411.9355,15.4
Kirkuk,2024-12-12 12:00:00,1366.5232,1369.565,16.1
Kirkuk,2024-12-12 13:00:00,1347.8251,1336.6908,16.4
Kirkuk,2024-12-12 14:00:00,1402.3613,1357.0897,16.2
Kirkuk,2024-12-12 15:00:00,1523.8993,1437.241,16.1
Kirkuk,2024-12-12 16:00:00,1590.901,1545.6929,15.5
Kirkuk,2024-12-12 17:00:00,1548.8302,1562.1799,14.3
Kirkuk,2024-12-12 18:00:00,1502.0848,1520.44,13.9
Kirkuk,2024-12-12 19:00:00,1453.7812,1473.2633,13.8
Kirkuk,2024-12-12 20:00:00,1407.1986,1417.6704,13.7
Kirkuk,2024-12-12 21:00:00,1364.9651,1355.586,13.2
Kirkuk,2024-12-12 22:00:00,1313.5452,1292.3376,13.1
Kirkuk,2024-12-12 23:00:00,1254.9221,1223.6877,13.1
Kirkuk,2024-12-13 00:00:00,1257.1589,1165.3895,12.9
Kirkuk,2024-12-13 01:00:00,1185.6411,1160.7664,12.4
Kirkuk,2024-12-13 02:00:00,1158.1948,1107.9792,11.9
Kirkuk,2024-12-13 03:00:00,1141.9779,1115.6248,11.4
Kirkuk,2024-12-13 04:00:00,1206.7284,1135.9701,11.2
Kirkuk,2024-12-13 05:00:00,1220.9375,1232.7015,10.4
Kirkuk,2024-12-13 06:00:00,1264.0587,1268.0873,10.1
Kirkuk,2024-12-13 07:00:00,1376.2181,1327.5424,9.4
Kirkuk,2024-12-13 08:00:00,1456.586,1444.6366,9.8
Kirkuk,2024-12-13 09:00:00,1501.7386,1501.4558,8.4
Kirkuk,2024-12-13 10:00:00,1498.9584,1514.0356,8.6
Kirkuk,2024-12-13 11:00:00,1528.7418,1486.9133,11.4
Kirkuk,2024-12-13 12:00:00,1550.4581,1503.9208,12.7
Kirkuk,2024-12-13 13:00:00,1542.7538,1516.0099,12.8
Kirkuk,2024-12-13 14:00:00,1494.9967,1526.6023,13.1
Kirkuk,2024-12-13 15:00:00,1454.9504,1524.207,13.1
Kirkuk,2024-12-13 16:00:00,1543.8075,1522.8687,12.6
Kirkuk,2024-12-13 17:00:00,1616.4291,1595.927,10.7
Kirkuk,2024-12-13 18:00:00,1639.9602,1617.3125,9.1
Kirkuk,2024-12-13 19:00:00,1600.7847,1606.6665,8.3
Kirkuk,2024-12-13 20:00:00,1565.174,1556.8704,8.3
Kirkuk,2024-12-13 21:00:00,1509.2144,1517.7576,8.2
Kirkuk,2024-12-13 22:00:00,1402.3823,1457.5211,7.5
Kirkuk,2024-12-13 23:00:00,1289.0391,1353.5592,6.9
Kirkuk,2024-12-14 00:00:00,1305.4852,1259.333,6.7
Kirkuk,2024-12-14 01:00:00,1224.2695,1277.2412,6.6
Kirkuk,2024-12-14 02:00:00,1189.8427,1211.5449,6.7
Kirkuk,2024-12-14 03:00:00,1194.8733,1206.2754,6.4
Kirkuk,2024-12-14 04:00:00,1301.9813,1240.0979,5.8
Kirkuk,2024-12-14 05:00:00,1404.6313,1352.8838,5.6
Kirkuk,2024-12-14 06:00:00,1596.6787,1456.1208,5.2
Kirkuk,2024-12-14 07:00:00,1603.0502,1630.5504,4.8
Kirkuk,2024-12-14 08:00:00,1636.3416,1615.1091,5.6
Kirkuk,2024-12-14 09:00:00,1672.0201,1640.2375,7.4
Kirkuk,2024-12-14 10:00:00,1725.3438,1659.6226,8.4
Kirkuk,2024-12-14 11:00:00,1720.5544,1692.697,9.1
Kirkuk,2024-12-14 12:00:00,1701.3394,1677.4742,9.9
Kirkuk,2024-12-14 13:00:00,1613.9402,1667.263,10.4
Kirkuk,2024-12-14 14:00:00,1637.0233,1607.8533,10.9
Kirkuk,2024-12-14 15:00:00,1636.8997,1650.294,10.9
Kirkuk,2024-12-14 16:00:00,1776.891,1665.2107,10.6
Kirkuk,2024-12-14 17:00:00,1832.9075,1765.5206,8.9
Kirkuk,2024-12-14 18:00:00,1912.5232,1778.4115,7.6
Kirkuk,2024-12-14 19:00:00,1878.3959,1816.9858,6.7
Kirkuk,2024-12-14 20:00:00,1811.4792,1774.2574,6.0
Kirkuk,2024-12-14 21:00:00,1721.2803,1709.5009,5.5
Kirkuk,2024-12-14 22:00:00,1607.6584,1617.5417,4.8
Kirkuk,2024-12-14 23:00:00,1535.0161,1504.6415,4.3
Kirkuk,2024-12-15 00:00:00,1625.9966,1423.9192,4.2
Kirkuk,2024-12-15 01:00:00,1499.2957,1465.7368,4.0
Kirkuk,2024-12-15 02:00:00,1309.244,1368.2139,3.7
Kirkuk,2024-12-15 03:00:00,1224.7767,1257.9835,3.3
Kirkuk,2024-12-15 04:00:00,1245.8936,1256.6917,3.3
Kirkuk,2024-12-15 05:00:00,1423.5626,1343.4087,3.0
Kirkuk,2024-12-15 06:00:00,1566.8695,1539.5612,2.9
Kirkuk,2024-12-15 07:00:00,1621.7733,1644.4104,2.9
Kirkuk,2024-12-15 08:00:00,1673.2983,1682.4326,3.5
Kirkuk,2024-12-15 09:00:00,1731.5808,1720.03,5.4
Kirkuk,2024-12-15 10:00:00,1837.165,1756.4897,7.7
Kirkuk,2024-12-15 11:00:00,1816.0482,1811.1099,9.4
Kirkuk,2024-12-15 12:00:00,1773.8146,1757.131,10.6
Kirkuk,2024-12-15 13:00:00,1702.0172,1714.5234,11.0
Kirkuk,2024-12-15 14:00:00,1722.8444,1679.8867,11.2
Kirkuk,2024-12-15 15:00:00,1858.2819,1723.6439,11.1
Kirkuk,2024-12-15 16:00:00,2075.012,1843.1338,10.6
Kirkuk,2024-12-15 17:00:00,2071.6167,1973.1887,8.2
Kirkuk,2024-12-15 18:00:00,2027.2166,1965.0059,6.6
Kirkuk,2024-12-15 19:00:00,1984.9829,1945.8212,5.6
Kirkuk,2024-12-15 20:00:00,1942.7493,1923.2208,4.7
Kirkuk,2024-12-15 21:00:00,1879.3987,1889.8779,4.0
Kirkuk,2024-12-15 22:00:00,1827.8737,1829.9664,3.5
Kirkuk,2024-12-15 23:00:00,1756.921,1771.5331,3.1
Kirkuk,2024-12-16 00:00:00,1557.5234,1700.1445,2.5
Kirkuk,2024-12-16 01:00:00,1502.4342,1515.1447,2.3
Kirkuk,2024-12-16 02:00:00,1439.8328,1407.2976,1.6
Kirkuk,2024-12-16 03:00:00,1377.2313,1328.2689,2.0
Kirkuk,2024-12-16 04:00:00,1439.8328,1298.5527,0.6
Kirkuk,2024-12-16 05:00:00,1557.5234,1403.0203,0.4
Kirkuk,2024-12-16 06:00:00,1640.1573,1546.2997,0.3
Kirkuk,2024-12-16 07:00:00,1777.8805,1637.1023,0.4
Kirkuk,2024-12-16 08:00:00,1841.4733,1753.4767,1.9
Kirkuk,2024-12-16 09:00:00,1939.776,1805.8665,5.6
Kirkuk,2024-12-16 10:00:00,1988.7375,1876.223,9.0
Kirkuk,2024-12-16 11:00:00,1929.5295,1875.0173,10.6
Kirkuk,2024-12-16 12:00:00,1889.2041,1804.2646,11.8
Kirkuk,2024-12-16 13:00:00,1858.1227,1782.183,12.5
Kirkuk,2024-12-16 14:00:00,1878.0427,1789.387,12.8
Kirkuk,2024-12-16 15:00:00,1923.1157,1847.4048,12.5
Kirkuk,2024-12-16 16:00:00,2003.2456,1912.7798,11.6
Kirkuk,2024-12-16 17:00:00,1968.189,1962.5387,9.1
Kirkuk,2024-12-16 18:00:00,1915.6036,1928.1296,8.6
Kirkuk,2024-12-16 19:00:00,1915.6036,1894.8097,8.0
Kirkuk,2024-12-16 20:00:00,1878.0427,1887.9592,7.1
Kirkuk,2024-12-16 21:00:00,1840.4819,1850.2384,5.9
Kirkuk,2024-12-16 22:00:00,1802.921,1803.4402,4.9
Kirkuk,2024-12-16 23:00:00,1752.8398,1735.6028,4.9
Kirkuk,2024-12-17 00:00:00,1504.5587,1648.2461,5.8
Kirkuk,2024-12-17 01:00:00,1451.3429,1457.197,5.5
Kirkuk,2024-12-17 02:00:00,1390.8702,1385.7019,5.5
Kirkuk,2024-12-17 03:00:00,1330.3976,1319.8062,5.4
Kirkuk,2024-12-17 04:00:00,1390.8702,1293.7263,5.1
Kirkuk,2024-12-17 05:00:00,1504.5587,1400.6057,4.7
Kirkuk,2024-12-17 06:00:00,1584.3826,1536.4419,4.2
Kirkuk,2024-12-17 07:00:00,1717.4224,1630.0962,4.4
Kirkuk,2024-12-17 08:00:00,1778.8527,1749.1973,5.2
Kirkuk,2024-12-17 09:00:00,1873.8126,1803.0323,7.8
Kirkuk,2024-12-17 10:00:00,1921.1091,1864.4116,10.2
Kirkuk,2024-12-17 11:00:00,1863.9146,1863.2349,11.8
Kirkuk,2024-12-17 12:00:00,1824.9603,1796.3865,12.7
Kirkuk,2024-12-17 13:00:00,1794.9358,1772.2737,13.1
Kirkuk,2024-12-17 14:00:00,1814.1786,1772.9988,13.2
Kirkuk,2024-12-17 15:00:00,1857.7189,1811.7131,13.1
Kirkuk,2024-12-17 16:00:00,1935.1238,1856.5085,12.9
Kirkuk,2024-12-17 17:00:00,1901.2592,1899.2107,11.2
Kirkuk,2024-12-17 18:00:00,1850.4622,1861.0361,9.9
Kirkuk,2024-12-17 19:00:00,1850.4622,1830.5349,9.1
Kirkuk,2024-12-17 20:00:00,1814.1786,1823.2178,8.7
Kirkuk,2024-12-17 21:00:00,1777.895,1786.3728,8.2
Kirkuk,2024-12-17 22:00:00,1741.6115,1735.9307,7.4
Kirkuk,2024-12-17 23:00:00,1693.2333,1670.2637,6.4
Kirkuk,2024-12-18 00:00:00,1529.1848,1578.3505,5.6
Kirkuk,2024-12-18 01:00:00,1442.531,1438.3372,4.9
Kirkuk,2024-12-18 02:00:00,1386.4609,1349.8131,3.9
Kirkuk,2024-12-18 03:00:00,1434.8851,1299.7399,3.2
Kirkuk,2024-12-18 04:00:00,1521.539,1383.7943,1.8
Kirkuk,2024-12-18 05:00:00,1641.3251,1505.0323,2.0
Kirkuk,2024-12-18 06:00:00,1784.0491,1636.5005,1.9
Kirkuk,2024-12-18 07:00:00,1809.5354,1767.3816,1.9
Kirkuk,2024-12-18 08:00:00,1865.6055,1795.2867,2.7
Kirkuk,2024-12-18 09:00:00,1921.6757,1847.6892,6.7
Kirkuk,2024-12-18 10:00:00,1980.2944,1878.9001,10.4
Kirkuk,2024-12-18 11:00:00,1963.8845,1887.9093,11.6
Kirkuk,2024-12-18 12:00:00,1922.8412,1852.7758,12.3
Kirkuk,2024-12-18 13:00:00,1891.2063,1833.7356,12.6
Kirkuk,2024-12-18 14:00:00,1926.773,1837.6833,12.6
Kirkuk,2024-12-18 15:00:00,2000.6836,1888.643,12.3
Kirkuk,2024-12-18 16:00:00,2038.9132,1949.4685,12.4
Kirkuk,2024-12-18 17:00:00,2003.2322,1966.2706,10.8
Kirkuk,2024-12-18 18:00:00,1949.7107,1941.0542,9.6
Kirkuk,2024-12-18 19:00:00,1888.5433,1915.59,9.1
Kirkuk,2024-12-18 20:00:00,1822.2788,1875.9795,8.2
Kirkuk,2024-12-18 21:00:00,1784.0491,1820.3461,7.8
Kirkuk,2024-12-18 22:00:00,1727.9789,1772.6073,6.9
Kirkuk,2024-12-18 23:00:00,1659.1655,1688.5232,5.4
Kirkuk,2024-12-19 00:00:00,1464.9539,1579.196,4.9
Kirkuk,2024-12-19 01:00:00,1381.9397,1410.8923,4.7
Kirkuk,2024-12-19 02:00:00,1328.2247,1319.0425,4.6
Kirkuk,2024-12-19 03:00:00,1374.615,1276.8514,5.2
Kirkuk,2024-12-19 04:00:00,1457.629,1355.1248,4.8
Kirkuk,2024-12-19 05:00:00,1572.3838,1476.4047,4.4
Kirkuk,2024-12-19 06:00:00,1709.1128,1601.7693,3.7
Kirkuk,2024-12-19 07:00:00,1733.5287,1717.1621,2.8
Kirkuk,2024-12-19 08:00:00,1787.2437,1745.6714,3.0
Kirkuk,2024-12-19 09:00:00,1840.9586,1795.9053,7.1
Kirkuk,2024-12-19 10:00:00,1897.115,1838.5831,10.9
Kirkuk,2024-12-19 11:00:00,1881.3945,1854.0564,12.2
Kirkuk,2024-12-19 12:00:00,1842.0752,1815.8756,13.0
Kirkuk,2024-12-19 13:00:00,1811.769,1790.0107,13.6
Kirkuk,2024-12-19 14:00:00,1845.8418,1797.8586,13.7
Kirkuk,2024-12-19 15:00:00,1916.6478,1854.3539,13.4
Kirkuk,2024-12-19 16:00:00,1989.8956,1910.6415,13.6
Kirkuk,2024-12-19 17:00:00,1965.4797,1951.2427,11.8
Kirkuk,2024-12-19 18:00:00,1916.6478,1921.1763,10.2
Kirkuk,2024-12-19 19:00:00,1867.816,1884.6985,8.9
Kirkuk,2024-12-19 20:00:00,1818.9843,1846.5872,7.9
Kirkuk,2024-12-19 21:00:00,1772.594,1802.467,7.0
Kirkuk,2024-12-19 22:00:00,1709.1128,1737.371,6.3
Kirkuk,2024-12-19 23:00:00,1648.073,1644.4456,6.1
Kirkuk,2024-12-20 00:00:00,1462.0477,1544.0957,6.2
Kirkuk,2024-12-20 01:00:00,1371.0923,1385.3315,6.2
Kirkuk,2024-12-20 02:00:00,1332.5365,1294.7716,6.8
Kirkuk,2024-12-20 03:00:00,1346.8914,1278.0074,7.1
Kirkuk,2024-12-20 04:00:00,1458.1237,1340.9539,4.4
Kirkuk,2024-12-20 05:00:00,1573.0842,1482.6611,4.4
Kirkuk,2024-12-20 06:00:00,1707.6277,1611.0535,5.6
Kirkuk,2024-12-20 07:00:00,1795.2987,1721.0654,6.2
Kirkuk,2024-12-20 08:00:00,1832.5826,1788.7311,7.2
Kirkuk,2024-12-20 09:00:00,1889.0631,1814.98,9.4
Kirkuk,2024-12-20 10:00:00,1932.2585,1848.3723,11.9
Kirkuk,2024-12-20 11:00:00,1926.8949,1852.8203,13.0
Kirkuk,2024-12-20 12:00:00,1905.3754,1826.3179,12.2
Kirkuk,2024-12-20 13:00:00,1848.507,1814.3121,11.8
Kirkuk,2024-12-20 14:00:00,1833.3462,1801.9292,12.1
Kirkuk,2024-12-20 15:00:00,1895.4668,1827.9366,11.4
Kirkuk,2024-12-20 16:00:00,1963.7719,1886.1887,11.4
Kirkuk,2024-12-20 17:00:00,1946.6956,1919.2275,10.2
Kirkuk,2024-12-20 18:00:00,1921.0812,1894.1292,9.0
Kirkuk,2024-12-20 19:00:00,1905.3754,1873.9612,8.2
Kirkuk,2024-12-20 20:00:00,1848.507,1859.284,7.8
Kirkuk,2024-12-20 21:00:00,1801.5472,1813.7051,7.2
Kirkuk,2024-12-20 22:00:00,1733.2422,1755.3524,7.0
Kirkuk,2024-12-20 23:00:00,1675.6097,1668.4761,6.8
Kirkuk,2024-12-21 00:00:00,1419.482,1575.0945,7.2
Kirkuk,2024-12-21 01:00:00,1331.1747,1365.4983,7.6
Kirkuk,2024-12-21 02:00:00,1293.7415,1273.1244,8.0
Kirkuk,2024-12-21 03:00:00,1299.2113,1247.699,8.4
Kirkuk,2024-12-21 04:00:00,1415.6722,1303.1066,8.2
Kirkuk,2024-12-21 05:00:00,1527.2859,1456.8221,8.4
Kirkuk,2024-12-21 06:00:00,1657.9124,1580.8967,7.9
Kirkuk,2024-12-21 07:00:00,1743.0308,1693.8752,6.7
Kirkuk,2024-12-21 08:00:00,1779.2294,1757.0404,6.6
Kirkuk,2024-12-21 09:00:00,1834.0656,1784.4039,8.9
Kirkuk,2024-12-21 10:00:00,1876.0033,1823.5607,11.3
Kirkuk,2024-12-21 11:00:00,1870.7959,1831.9312,12.9
Kirkuk,2024-12-21 12:00:00,1849.9028,1806.1321,13.8
Kirkuk,2024-12-21 13:00:00,1794.69,1784.1754,14.4
Kirkuk,2024-12-21 14:00:00,1779.9706,1760.9448,14.4
Kirkuk,2024-12-21 15:00:00,1840.2827,1783.6848,13.9
Kirkuk,2024-12-21 16:00:00,1906.5991,1845.2466,13.7
Kirkuk,2024-12-21 17:00:00,1890.02,1880.779,11.7
Kirkuk,2024-12-21 18:00:00,1865.1514,1855.6753,10.6
Kirkuk,2024-12-21 19:00:00,1849.9028,1836.2737,9.8
Kirkuk,2024-12-21 20:00:00,1794.69,1815.9756,9.4
Kirkuk,2024-12-21 21:00:00,1749.0977,1769.4249,9.0
Kirkuk,2024-12-21 22:00:00,1682.781,1705.5298,8.6
Kirkuk,2024-12-21 23:00:00,1626.8264,1615.3796,8.4
Kirkuk,2024-12-22 00:00:00,1423.1437,1515.2915,7.9
Kirkuk,2024-12-22 01:00:00,1342.4989,1332.6404,7.3
Kirkuk,2024-12-22 02:00:00,1290.317,1256.8337,6.8
Kirkuk,2024-12-22 03:00:00,1335.3832,1235.2292,6.1
Kirkuk,2024-12-22 04:00:00,1416.028,1338.7756,6.3
Kirkuk,2024-12-22 05:00:00,1527.5076,1465.9961,5.8
Kirkuk,2024-12-22 06:00:00,1660.3344,1592.9368,5.1
Kirkuk,2024-12-22 07:00:00,1684.0535,1704.346,4.8
Kirkuk,2024-12-22 08:00:00,1736.2354,1722.5764,5.9
Kirkuk,2024-12-22 09:00:00,1788.4172,1768.8901,9.3
Kirkuk,2024-12-22 10:00:00,1842.9711,1804.2333,12.4
Kirkuk,2024-12-22 11:00:00,1827.6992,1821.7913,13.9
Kirkuk,2024-12-22 12:00:00,1789.502,1782.1172,14.4
Kirkuk,2024-12-22 13:00:00,1760.0608,1747.7097,14.8
Kirkuk,2024-12-22 14:00:00,1793.1611,1746.3364,14.8
Kirkuk,2024-12-22 15:00:00,1861.9464,1798.5957,14.3
Kirkuk,2024-12-22 16:00:00,1897.525,1856.705,13.4
Kirkuk,2024-12-22 17:00:00,1864.3182,1869.2932,11.6
Kirkuk,2024-12-22 18:00:00,1814.5083,1836.6737,11.1
Kirkuk,2024-12-22 19:00:00,1757.5825,1802.4417,10.5
Kirkuk,2024-12-22 20:00:00,1695.913,1755.0703,9.2
Kirkuk,2024-12-22 21:00:00,1660.3344,1685.125,8.3
Kirkuk,2024-12-22 22:00:00,1608.1525,1618.6467,7.6
Kirkuk,2024-12-22 23:00:00,1544.111,1534.7987,6.9
Kirkuk,2024-12-23 00:00:00,1357.0958,1433.7603,6.7
Kirkuk,2024-12-23 01:00:00,1280.1937,1267.4875,6.5
Kirkuk,2024-12-23 02:00:00,1230.4335,1215.5039,5.9
Kirkuk,2024-12-23 03:00:00,1273.4082,1221.2697,5.4
Kirkuk,2024-12-23 04:00:00,1350.3103,1325.5963,7.2
Kirkuk,2024-12-23 05:00:00,1456.6161,1445.485,8.1
Kirkuk,2024-12-23 06:00:00,1583.2784,1559.6162,8.1
Kirkuk,2024-12-23 07:00:00,1605.8966,1654.2268,8.4
Kirkuk,2024-12-23 08:00:00,1655.6569,1663.0632,8.8
Kirkuk,2024-12-23 09:00:00,1705.417,1701.5228,10.5
Kirkuk,2024-12-23 10:00:00,1757.439,1734.9265,13.2
Kirkuk,2024-12-23 11:00:00,1742.8759,1755.4199,15.2
Kirkuk,2024-12-23 12:00:00,1706.4514,1714.7957,16.0
Kirkuk,2024-12-23 13:00:00,1678.3766,1687.9393,16.5
Kirkuk,2024-12-23 14:00:00,1709.9407,1695.2158,16.5
Kirkuk,2024-12-23 15:00:00,1775.5336,1753.5952,16.2
Kirkuk,2024-12-23 16:00:00,1809.461,1805.4509,15.8
Kirkuk,2024-12-23 17:00:00,1777.7954,1811.3506,13.9
Kirkuk,2024-12-23 18:00:00,1730.2971,1770.3618,12.6
Kirkuk,2024-12-23 19:00:00,1676.0133,1726.0269,11.2
Kirkuk,2024-12-23 20:00:00,1617.2058,1664.1721,10.5
Kirkuk,2024-12-23 21:00:00,1583.2784,1592.3052,10.1
Kirkuk,2024-12-23 22:00:00,1533.5182,1530.5807,10.1
Kirkuk,2024-12-23 23:00:00,1472.4489,1454.4117,10.5
Kirkuk,2024-12-24 00:00:00,1330.3934,1364.9313,10.4
Kirkuk,2024-12-24 01:00:00,1255.0045,1233.8824,11.1
Kirkuk,2024-12-24 02:00:00,1206.2234,1198.2642,10.7
Kirkuk,2024-12-24 03:00:00,1248.3525,1206.9338,9.9
Kirkuk,2024-12-24 04:00:00,1323.7415,1302.4326,9.5
Kirkuk,2024-12-24 05:00:00,1427.9557,1413.5104,9.2
Kirkuk,2024-12-24 06:00:00,1552.1257,1525.3319,9.1
Kirkuk,2024-12-24 07:00:00,1574.299,1619.4995,8.9
Kirkuk,2024-12-24 08:00:00,1623.0801,1626.4281,9.5
Kirkuk,2024-12-24 09:00:00,1671.8611,1666.7275,11.4
Kirkuk,2024-12-24 10:00:00,1722.8595,1699.3044,13.0
Kirkuk,2024-12-24 11:00:00,1708.583,1717.2211,14.1
Kirkuk,2024-12-24 12:00:00,1672.8751,1679.386,14.9
Kirkuk,2024-12-24 13:00:00,1645.3528,1655.2804,15.4
Kirkuk,2024-12-24 14:00:00,1676.2958,1661.0486,15.6
Kirkuk,2024-12-24 15:00:00,1740.5981,1718.4121,15.6
Kirkuk,2024-12-24 16:00:00,1773.8579,1770.4626,15.1
Kirkuk,2024-12-24 17:00:00,1742.8154,1775.377,12.9
Kirkuk,2024-12-24 18:00:00,1696.2517,1734.1958,12.6
Kirkuk,2024-12-24 19:00:00,1643.0359,1692.1489,11.9
Kirkuk,2024-12-24 20:00:00,1585.3855,1632.1442,10.4
Kirkuk,2024-12-24 21:00:00,1552.1257,1562.3372,9.1
Kirkuk,2024-12-24 22:00:00,1503.3446,1505.0834,7.9
Kirkuk,2024-12-24 23:00:00,1443.4769,1426.9788,7.5
Kirkuk,2024-12-25 00:00:00,1247.9004,1344.5822,7.2
Kirkuk,2024-12-25 01:00:00,1170.2672,1179.3197,6.8
Kirkuk,2024-12-25 02:00:00,1137.3588,1151.008,6.9
Kirkuk,2024-12-25 03:00:00,1142.1675,1178.3008,7.2
Kirkuk,2024-12-25 04:00:00,1244.551,1229.5387,6.0
Kirkuk,2024-12-25 05:00:00,1342.6732,1358.935,5.8
Kirkuk,2024-12-25 06:00:00,1457.51,1463.9233,5.2
Kirkuk,2024-12-25 07:00:00,1532.3398,1552.8147,5.1
Kirkuk,2024-12-25 08:00:00,1564.1627,1603.0758,6.1
Kirkuk,2024-12-25 09:00:00,1612.3705,1618.9753,10.3
Kirkuk,2024-12-25 10:00:00,1649.239,1653.1476,13.9
Kirkuk,2024-12-25 11:00:00,1644.6609,1653.0073,15.9
Kirkuk,2024-12-25 12:00:00,1626.2933,1622.3777,16.8
Kirkuk,2024-12-25 13:00:00,1577.7545,1615.3137,17.3
Kirkuk,2024-12-25 14:00:00,1564.8143,1605.4293,17.4
Kirkuk,2024-12-25 15:00:00,1617.836,1634.9392,17.0
Kirkuk,2024-12-25 16:00:00,1676.1365,1695.9155,16.1
Kirkuk,2024-12-25 17:00:00,1661.5614,1715.9369,14.1
Kirkuk,2024-12-25 18:00:00,1639.6987,1673.1128,12.6
Kirkuk,2024-12-25 19:00:00,1626.2933,1636.5516,11.4
Kirkuk,2024-12-25 20:00:00,1577.7545,1594.0806,10.4
Kirkuk,2024-12-25 21:00:00,1537.6731,1527.053,10.0
Kirkuk,2024-12-25 22:00:00,1479.3727,1465.2347,9.4
Kirkuk,2024-12-25 23:00:00,1430.1816,1386.4683,9.4
Kirkuk,2024-12-26 00:00:00,1253.1122,1308.3678,10.1
Kirkuk,2024-12-26 01:00:00,1182.1025,1159.8322,10.9
Kirkuk,2024-12-26 02:00:00,1136.155,1134.6947,10.9
Kirkuk,2024-12-26 03:00:00,1175.8369,1140.4702,10.1
Kirkuk,2024-12-26 04:00:00,1246.8467,1229.4996,7.7
Kirkuk,2024-12-26 05:00:00,1345.0071,1326.2347,6.9
Kirkuk,2024-12-26 06:00:00,1461.9642,1444.8297,6.4
Kirkuk,2024-12-26 07:00:00,1482.8494,1552.97,6.2
Kirkuk,2024-12-26 08:00:00,1528.7969,1557.665,7.7
Kirkuk,2024-12-26 09:00:00,1574.7443,1595.9374,11.1
Kirkuk,2024-12-26 10:00:00,1622.7803,1622.7183,14.8
Kirkuk,2024-12-26 11:00:00,1609.333,1637.0764,17.0
Kirkuk,2024-12-26 12:00:00,1575.6995,1595.1565,18.0
Kirkuk,2024-12-26 13:00:00,1549.7758,1568.2097,18.2
Kirkuk,2024-12-26 14:00:00,1578.9214,1568.0155,18.0
Kirkuk,2024-12-26 15:00:00,1639.4884,1623.4192,17.8
Kirkuk,2024-12-26 16:00:00,1702.144,1684.8716,16.2
Kirkuk,2024-12-26 17:00:00,1681.2588,1710.8323,14.2
Kirkuk,2024-12-26 18:00:00,1639.4884,1672.8337,12.6
Kirkuk,2024-12-26 19:00:00,1597.718,1632.9166,12.2
Kirkuk,2024-12-26 20:00:00,1555.9476,1581.1787,12.9
Kirkuk,2024-12-26 21:00:00,1516.2657,1527.1986,13.4
Kirkuk,2024-12-26 22:00:00,1461.9642,1468.554,13.4
Kirkuk,2024-12-26 23:00:00,1409.7512,1395.8645,12.4
Kirkuk,2024-12-27 00:00:00,1264.5819,1309.5535,12.0
Kirkuk,2024-12-27 01:00:00,1185.9109,1178.1519,11.8
Kirkuk,2024-12-27 02:00:00,1152.5626,1136.4852,11.9
Kirkuk,2024-12-27 03:00:00,1157.4357,1154.6218,11.3
Kirkuk,2024-12-27 04:00:00,1261.1877,1201.9542,11.6
Kirkuk,2024-12-27 05:00:00,1360.6217,1340.4612,12.0
Kirkuk,2024-12-27 06:00:00,1476.9935,1447.8433,12.2
Kirkuk,2024-12-27 07:00:00,1552.8236,1543.034,12.1
Kirkuk,2024-12-27 08:00:00,1585.072,1596.4377,13.1
Kirkuk,2024-12-27 09:00:00,1633.9242,1610.5774,13.9
Kirkuk,2024-12-27 10:00:00,1671.2855,1639.9114,15.9
Kirkuk,2024-12-27 11:00:00,1666.6462,1649.4196,17.4
Kirkuk,2024-12-27 12:00:00,1648.0332,1629.3323,17.8
Kirkuk,2024-12-27 13:00:00,1598.8456,1620.4492,15.2
Kirkuk,2024-12-27 14:00:00,1585.7323,1599.1921,16.4
Kirkuk,2024-12-27 15:00:00,1639.4629,1627.7085,16.1
Kirkuk,2024-12-27 16:00:00,1698.5426,1680.5007,17.1
Kirkuk,2024-12-27 17:00:00,1683.7727,1709.3191,17.1
Kirkuk,2024-12-27 18:00:00,1661.6178,1683.732,16.9
Kirkuk,2024-12-27 19:00:00,1648.0332,1659.5249,15.5
Kirkuk,2024-12-27 20:00:00,1598.8456,1628.975,14.6
Kirkuk,2024-12-27 21:00:00,1558.2283,1567.6249,12.0
Kirkuk,2024-12-27 22:00:00,1499.1484,1498.4154,11.9
Kirkuk,2024-12-27 23:00:00,1449.2999,1411.6818,11.4
Kirkuk,2024-12-28 00:00:00,1313.8834,1330.2842,10.5
Kirkuk,2024-12-28 01:00:00,1232.1454,1204.0217,10.2
Kirkuk,2024-12-28 02:00:00,1197.497,1163.5577,9.6
Kirkuk,2024-12-28 03:00:00,1202.5599,1183.0911,9.5
Kirkuk,2024-12-28 04:00:00,1310.3569,1247.6238,8.9
Kirkuk,2024-12-28 05:00:00,1413.6675,1393.7919,8.3
Kirkuk,2024-12-28 06:00:00,1534.5763,1510.2963,8.0
Kirkuk,2024-12-28 07:00:00,1613.3627,1610.7034,7.7
Kirkuk,2024-12-28 08:00:00,1646.8683,1663.7766,7.7
Kirkuk,2024-12-28 09:00:00,1697.625,1681.0525,9.2
Kirkuk,2024-12-28 10:00:00,1736.4431,1716.564,11.1
Kirkuk,2024-12-28 11:00:00,1731.6229,1727.3516,12.5
Kirkuk,2024-12-28 12:00:00,1712.2842,1700.5796,13.3
Kirkuk,2024-12-28 13:00:00,1661.1788,1685.9177,13.8
Kirkuk,2024-12-28 14:00:00,1647.5543,1663.3884,13.9
Kirkuk,2024-12-28 15:00:00,1703.3796,1681.8774,13.9
Kirkuk,2024-12-28 16:00:00,1764.7627,1741.3313,13.4
Kirkuk,2024-12-28 17:00:00,1749.417,1768.3805,12.2
Kirkuk,2024-12-28 18:00:00,1726.3983,1740.7816,11.1
Kirkuk,2024-12-28 19:00:00,1712.2842,1715.9985,10.6
Kirkuk,2024-12-28 20:00:00,1661.1788,1685.6396,9.6
Kirkuk,2024-12-28 21:00:00,1618.978,1617.5089,9.0
Kirkuk,2024-12-28 22:00:00,1557.595,1555.8849,8.9
Kirkuk,2024-12-28 23:00:00,1505.803,1475.7261,8.7
Kirkuk,2024-12-29 00:00:00,1411.0217,1398.1498,8.4
Kirkuk,2024-12-29 01:00:00,1331.0638,1305.028,8.5
Kirkuk,2024-12-29 02:00:00,1279.3264,1256.5636,8.4
Kirkuk,2024-12-29 03:00:00,1324.0087,1256.2698,8.1
Kirkuk,2024-12-29 04:00:00,1403.9667,1356.977,8.6
Kirkuk,2024-12-29 05:00:00,1514.4967,1469.0054,8.0
Kirkuk,2024-12-29 06:00:00,1646.192,1584.994,7.8
Kirkuk,2024-12-29 07:00:00,1669.7091,1691.0684,7.3
Kirkuk,2024-12-29 08:00:00,1721.4465,1699.1161,7.5
Kirkuk,2024-12-29 09:00:00,1773.184,1741.9255,9.8
Kirkuk,2024-12-29 10:00:00,1827.2732,1775.864,12.1
Kirkuk,2024-12-29 11:00:00,1812.1313,1795.572,12.9
Kirkuk,2024-12-29 12:00:00,1774.2595,1759.3289,13.5
Kirkuk,2024-12-29 13:00:00,1745.0691,1732.4469,14.0
Kirkuk,2024-12-29 14:00:00,1777.8875,1729.7754,14.1
Kirkuk,2024-12-29 15:00:00,1846.0868,1778.1157,13.8
Kirkuk,2024-12-29 16:00:00,1881.3623,1829.9219,13.7
Kirkuk,2024-12-29 17:00:00,1848.4385,1842.1592,12.7
Kirkuk,2024-12-29 18:00:00,1799.0527,1812.1931,11.4
Kirkuk,2024-12-29 19:00:00,1742.6118,1776.145,10.9
Kirkuk,2024-12-29 20:00:00,1681.4675,1723.8218,9.6
Kirkuk,2024-12-29 21:00:00,1646.192,1649.232,8.4
Kirkuk,2024-12-29 22:00:00,1594.4546,1585.4524,7.8
Kirkuk,2024-12-29 23:00:00,1530.9586,1509.5579,7.6
Kirkuk,2024-12-30 00:00:00,1422.6079,1423.6753,7.3
Kirkuk,2024-12-30 01:00:00,1341.9935,1318.907,6.9
Kirkuk,2024-12-30 02:00:00,1289.8312,1263.8334,6.8
Kirkuk,2024-12-30 03:00:00,1334.8805,1269.5605,6.8
Kirkuk,2024-12-30 04:00:00,1415.4949,1372.8235,7.3
Kirkuk,2024-12-30 05:00:00,1526.9325,1488.8246,7.2
Kirkuk,2024-12-30 06:00:00,1659.7092,1604.0818,6.8
Kirkuk,2024-12-30 07:00:00,1683.4194,1702.7914,6.4
Kirkuk,2024-12-30 08:00:00,1735.5817,1716.9312,6.9
Kirkuk,2024-12-30 09:00:00,1787.744,1758.3228,9.6
Kirkuk,2024-12-30 10:00:00,1842.2773,1793.3651,12.4
Kirkuk,2024-12-30 11:00:00,1827.0111,1808.7109,13.7
Kirkuk,2024-12-30 12:00:00,1788.8282,1771.5195,14.1
Kirkuk,2024-12-30 13:00:00,1759.3982,1749.8618,14.3
Kirkuk,2024-12-30 14:00:00,1792.486,1757.32,14.3
Kirkuk,2024-12-30 15:00:00,1861.2454,1809.9026,14.1
Kirkuk,2024-12-30 16:00:00,1896.8105,1861.5789,13.8
Kirkuk,2024-12-30 17:00:00,1863.6165,1869.1111,12.1
Kirkuk,2024-12-30 18:00:00,1813.8252,1830.71,11.1
Kirkuk,2024-12-30 19:00:00,1756.9208,1789.8386,10.2
Kirkuk,2024-12-30 20:00:00,1695.2745,1737.5845,9.6
Kirkuk,2024-12-30 21:00:00,1659.7092,1665.7871,9.2
Kirkuk,2024-12-30 22:00:00,1607.547,1603.3677,8.9
Kirkuk,2024-12-30 23:00:00,1543.5297,1524.1812,8.3
Kirkuk,2024-12-31 00:00:00,1397.4906,1437.614,7.8
Kirkuk,2024-12-31 01:00:00,1318.2994,1300.3141,7.3
Kirkuk,2024-12-31 02:00:00,1267.0581,1242.7593,6.4
Kirkuk,2024-12-31 03:00:00,1311.312,1244.4943,5.4
Kirkuk,2024-12-31 04:00:00,1390.5032,1348.1187,5.4
Kirkuk,2024-12-31 05:00:00,1499.9733,1468.0208,5.7
Kirkuk,2024-12-31 06:00:00,1630.4056,1587.8479,6.2
Kirkuk,2024-12-31 07:00:00,1653.6971,1687.5765,7.2
Kirkuk,2024-12-31 08:00:00,1704.9385,1701.632,7.4
Kirkuk,2024-12-31 09:00:00,1756.1797,1739.2903,9.6
Kirkuk,2024-12-31 10:00:00,1809.7502,1774.8811,12.4
Kirkuk,2024-12-31 11:00:00,1794.7537,1792.9451,13.8
Kirkuk,2024-12-31 12:00:00,1757.245,1752.487,14.6
Kirkuk,2024-12-31 13:00:00,1728.3345,1728.374,15.0
Kirkuk,2024-12-31 14:00:00,1760.8381,1736.8257,15.1
Kirkuk,2024-12-31 15:00:00,1828.3835,1791.4426,14.9
Kirkuk,2024-12-31 16:00:00,1937.8535,1844.3013,14.3
Kirkuk,2024-12-31 17:00:00,1905.2455,1898.6602,12.9
Kirkuk,2024-12-31 18:00:00,1851.675,1857.5076,11.9
Kirkuk,2024-12-31 19:00:00,1805.092,1820.557,10.2
Kirkuk,2024-12-31 20:00:00,1749.1924,1780.7361,8.9
Kirkuk,2024-12-31 21:00:00,1690.9636,1719.1055,7.8
Kirkuk,2024-12-31 22:00:00,1630.4056,1640.7686,7.2
Kirkuk,2024-12-31 23:00:00,1572.1769,1551.8062,6.8
Najaf,2024-12-02 00:00:00,938.8508,994.5053,10.7
Najaf,2024-12-02 01:00:00,841.0539,856.90485,10.3
Najaf,2024-12-02 02:00:00,769.3361,789.3621,10.0
Najaf,2024-12-02 03:00:00,795.4153,778.13495,9.6
Najaf,2024-12-02 04:00:00,895.3855,868.0215,8.9
Najaf,2024-12-02 05:00:00,1046.2202,1019.3867,8.6
Najaf,2024-12-02 06:00:00,1208.3358,1172.3585,8.2
Najaf,2024-12-02 07:00:00,1234.4149,1294.0408,7.8
Najaf,2024-12-02 08:00:00,1273.5338,1309.301,8.6
Najaf,2024-12-02 09:00:00,1369.1575,1345.154,10.2
Najaf,2024-12-02 10:00:00,1481.2899,1422.176,12.4
Najaf,2024-12-02 11:00:00,1504.569,1487.0747,14.5
Najaf,2024-12-02 12:00:00,1475.7607,1481.4926,16.0
Najaf,2024-12-02 13:00:00,1401.7565,1445.4822,17.0
Najaf,2024-12-02 14:00:00,1416.9694,1411.4485,17.5
Najaf,2024-12-02 15:00:00,1527.6813,1456.4249,17.5
Najaf,2024-12-02 16:00:00,1567.4058,1542.5449,17.5
Najaf,2024-12-02 17:00:00,1521.286,1548.116,15.9
Najaf,2024-12-02 18:00:00,1473.4742,1481.5708,14.9
Najaf,2024-12-02 19:00:00,1393.0634,1417.2208,13.6
Najaf,2024-12-02 20:00:00,1324.2567,1333.2852,12.8
Najaf,2024-12-02 21:00:00,1237.1309,1253.8889,12.1
Najaf,2024-12-02 22:00:00,1158.3507,1163.1843,11.4
Najaf,2024-12-02 23:00:00,1086.6329,1075.9774,10.6
Najaf,2024-12-03 00:00:00,902.4035,987.45,9.8
Najaf,2024-12-03 01:00:00,808.40314,823.125,9.1
Najaf,2024-12-03 02:00:00,739.46954,760.2414,8.9
Najaf,2024-12-03 03:00:00,764.5363,754.51794,8.6
Najaf,2024-12-03 04:00:00,860.62555,846.3007,7.4
Najaf,2024-12-03 05:00:00,1005.60474,993.03876,6.9
Najaf,2024-12-03 06:00:00,1161.4268,1146.3102,6.5
Najaf,2024-12-03 07:00:00,1186.4935,1261.5497,6.3
Najaf,2024-12-03 08:00:00,1224.0936,1277.3704,7.7
Najaf,2024-12-03 09:00:00,1316.0051,1313.5481,10.5
Najaf,2024-12-03 10:00:00,1423.7844,1391.0903,13.2
Najaf,2024-12-03 11:00:00,1446.1598,1452.3787,15.4
Najaf,2024-12-03 12:00:00,1418.47,1440.1167,17.0
Najaf,2024-12-03 13:00:00,1347.3386,1402.679,18.0
Najaf,2024-12-03 14:00:00,1361.9608,1369.3954,18.8
Najaf,2024-12-03 15:00:00,1468.3749,1414.8047,19.1
Najaf,2024-12-03 16:00:00,1506.5571,1499.8796,19.6
Najaf,2024-12-03 17:00:00,1462.2279,1508.9238,17.8
Najaf,2024-12-03 18:00:00,1416.2722,1442.2775,16.7
Najaf,2024-12-03 19:00:00,1338.983,1378.244,15.6
Najaf,2024-12-03 20:00:00,1272.8474,1295.3345,14.8
Najaf,2024-12-03 21:00:00,1189.1039,1216.2811,14.1
Najaf,2024-12-03 22:00:00,1113.3821,1123.7675,13.4
Najaf,2024-12-03 23:00:00,1044.4485,1035.588,12.7
Najaf,2024-12-04 00:00:00,821.7526,943.7947,11.8
Najaf,2024-12-04 01:00:00,722.41986,737.6507,11.0
Najaf,2024-12-04 02:00:00,639.3416,672.3185,10.2
Najaf,2024-12-04 03:00:00,661.01416,656.1229,9.4
Najaf,2024-12-04 04:00:00,744.09247,746.2385,8.2
Najaf,2024-12-04 05:00:00,869.44073,886.71106,7.7
Najaf,2024-12-04 06:00:00,1004.16364,1033.3456,7.4
Najaf,2024-12-04 07:00:00,1025.8362,1145.4069,7.2
Najaf,2024-12-04 08:00:00,1058.3451,1159.2128,8.9
Najaf,2024-12-04 09:00:00,1137.8113,1189.4489,11.4
Najaf,2024-12-04 10:00:00,1230.9967,1256.064,14.2
Najaf,2024-12-04 11:00:00,1250.3424,1307.718,17.1
Najaf,2024-12-04 12:00:00,1226.4019,1294.1198,19.4
Najaf,2024-12-04 13:00:00,1164.9021,1257.1064,20.8
Najaf,2024-12-04 14:00:00,1177.5444,1224.7812,21.5
Najaf,2024-12-04 15:00:00,1269.5494,1264.0388,21.5
Najaf,2024-12-04 16:00:00,1302.5616,1337.8301,21.5
Najaf,2024-12-04 17:00:00,1264.2347,1342.0929,19.8
Najaf,2024-12-04 18:00:00,1224.5017,1285.8323,18.7
Najaf,2024-12-04 19:00:00,1157.6779,1227.6848,17.9
Najaf,2024-12-04 20:00:00,1100.4974,1153.563,17.0
Najaf,2024-12-04 21:00:00,1028.0931,1080.6096,16.2
Najaf,2024-12-04 22:00:00,962.6245,995.03784,16.1
Najaf,2024-12-04 23:00:00,903.02484,912.349,15.6
Najaf,2024-12-05 00:00:00,715.5772,806.3689,14.9
Najaf,2024-12-05 01:00:00,641.03796,629.5687,14.1
Najaf,2024-12-05 02:00:00,586.3758,592.77936,13.1
Najaf,2024-12-05 03:00:00,606.2529,597.4691,12.2
Najaf,2024-12-05 04:00:00,682.44867,672.8906,11.1
Najaf,2024-12-05 05:00:00,797.41254,790.8146,10.6
Najaf,2024-12-05 06:00:00,920.9744,916.6101,10.1
Najaf,2024-12-05 07:00:00,940.85156,1022.681,9.7
Najaf,2024-12-05 08:00:00,970.66724,1039.9552,10.9
Najaf,2024-12-05 09:00:00,1043.5502,1067.4292,12.6
Najaf,2024-12-05 10:00:00,1129.0156,1127.9591,14.5
Najaf,2024-12-05 11:00:00,1146.7587,1178.2599,16.4
Najaf,2024-12-05 12:00:00,1124.8014,1167.0742,18.0
Najaf,2024-12-05 13:00:00,1068.3966,1133.6238,19.3
Najaf,2024-12-05 14:00:00,1079.9916,1103.9513,20.1
Najaf,2024-12-05 15:00:00,1164.3745,1141.319,20.0
Najaf,2024-12-05 16:00:00,1234.0394,1212.0127,20.1
Najaf,2024-12-05 17:00:00,1182.6902,1246.8135,18.0
Najaf,2024-12-05 18:00:00,1139.623,1172.3622,16.9
Najaf,2024-12-05 19:00:00,1066.7401,1114.0883,15.9
Najaf,2024-12-05 20:00:00,992.20087,1037.9595,15.1
Najaf,2024-12-05 21:00:00,927.6001,961.12103,14.1
Najaf,2024-12-05 22:00:00,866.31226,883.2122,13.4
Najaf,2024-12-05 23:00:00,809.99365,794.9733,12.6
Najaf,2024-12-06 00:00:00,741.6068,717.68555,11.9
Najaf,2024-12-06 01:00:00,670.14984,660.12683,11.4
Najaf,2024-12-06 02:00:00,626.0304,620.1163,10.9
Najaf,2024-12-06 03:00:00,634.0412,624.0933,10.4
Najaf,2024-12-06 04:00:00,686.9983,682.3566,9.9
Najaf,2024-12-06 05:00:00,747.6762,774.036,9.6
Najaf,2024-12-06 06:00:00,799.52686,848.7558,9.2
Najaf,2024-12-06 07:00:00,966.9953,895.2098,9.1
Najaf,2024-12-06 08:00:00,1060.6335,1034.5558,10.1
Najaf,2024-12-06 09:00:00,1175.2003,1110.1172,12.1
Najaf,2024-12-06 10:00:00,1232.4733,1189.5968,14.5
Najaf,2024-12-06 11:00:00,1275.5099,1206.9384,16.8
Najaf,2024-12-06 12:00:00,1244.1488,1218.2684,18.7
Najaf,2024-12-06 13:00:00,1195.2861,1184.2584,19.9
Najaf,2024-12-06 14:00:00,1169.2874,1166.5348,20.4
Najaf,2024-12-06 15:00:00,1182.2893,1179.3015,20.2
Najaf,2024-12-06 16:00:00,1236.1765,1205.4812,20.0
Najaf,2024-12-06 17:00:00,1236.2235,1229.844,17.9
Najaf,2024-12-06 18:00:00,1167.1965,1190.9832,16.8
Najaf,2024-12-06 19:00:00,1102.549,1097.3491,16.1
Najaf,2024-12-06 20:00:00,1079.2864,1027.3895,15.4
Najaf,2024-12-06 21:00:00,1006.5439,998.0226,14.6
Najaf,2024-12-06 22:00:00,917.716,916.24194,13.8
Najaf,2024-12-06 23:00:00,859.2213,813.81256,13.2
Najaf,2024-12-07 00:00:00,693.7123,753.0662,12.4
Najaf,2024-12-07 01:00:00,645.6287,612.51013,11.6
Najaf,2024-12-07 02:00:00,617.676,599.3689,10.8
Najaf,2024-12-07 03:00:00,635.2417,614.8596,10.4
Najaf,2024-12-07 04:00:00,640.40564,671.9757,9.6
Najaf,2024-12-07 05:00:00,706.39545,716.1198,9.6
Najaf,2024-12-07 06:00:00,807.1599,807.7262,9.6
Najaf,2024-12-07 07:00:00,904.12115,929.2675,9.4
Najaf,2024-12-07 08:00:00,981.5419,1024.3383,10.4
Najaf,2024-12-07 09:00:00,1080.1445,1089.4282,12.4
Najaf,2024-12-07 10:00:00,1166.6792,1155.8762,15.1
Najaf,2024-12-07 11:00:00,1184.6136,1200.2417,17.7
Najaf,2024-12-07 12:00:00,1200.0464,1184.6364,19.8
Najaf,2024-12-07 13:00:00,1137.908,1180.7998,21.1
Najaf,2024-12-07 14:00:00,1123.9966,1135.012,21.7
Najaf,2024-12-07 15:00:00,1138.8876,1144.9403,21.6
Najaf,2024-12-07 16:00:00,1204.6296,1173.0814,21.1
Najaf,2024-12-07 17:00:00,1193.6028,1217.1047,19.1
Najaf,2024-12-07 18:00:00,1184.1116,1172.1624,17.7
Najaf,2024-12-07 19:00:00,1115.2885,1134.4119,16.5
Najaf,2024-12-07 20:00:00,1055.8148,1056.7062,15.6
Najaf,2024-12-07 21:00:00,970.0821,989.3215,14.9
Najaf,2024-12-07 22:00:00,870.42444,894.4448,14.1
Najaf,2024-12-07 23:00:00,815.2787,777.96313,13.0
Najaf,2024-12-08 00:00:00,727.2572,713.0431,12.0
Najaf,2024-12-08 01:00:00,639.347,644.6135,11.3
Najaf,2024-12-08 02:00:00,565.8221,593.3279,10.8
Najaf,2024-12-08 03:00:00,585.0025,566.903,10.4
Najaf,2024-12-08 04:00:00,658.5274,623.4792,9.9
Najaf,2024-12-08 05:00:00,769.46155,730.4936,9.6
Najaf,2024-12-08 06:00:00,888.6923,854.7636,9.4
Najaf,2024-12-08 07:00:00,907.8727,970.40045,9.3
Najaf,2024-12-08 08:00:00,936.6433,991.65576,10.6
Najaf,2024-12-08 09:00:00,1006.9715,1021.3083,13.0
Najaf,2024-12-08 10:00:00,1089.4413,1080.5305,15.6
Najaf,2024-12-08 11:00:00,1106.5624,1131.5316,18.2
Najaf,2024-12-08 12:00:00,1085.3748,1123.837,20.3
Najaf,2024-12-08 13:00:00,1030.947,1087.6074,22.0
Najaf,2024-12-08 14:00:00,1042.1356,1052.16,23.4
Najaf,2024-12-08 15:00:00,1123.5607,1085.0576,24.0
Najaf,2024-12-08 16:00:00,1152.7767,1161.0791,22.1
Najaf,2024-12-08 17:00:00,1118.8572,1163.3507,20.0
Najaf,2024-12-08 18:00:00,1083.6931,1109.5444,19.2
Najaf,2024-12-08 19:00:00,1024.5535,1057.6722,18.7
Najaf,2024-12-08 20:00:00,973.94836,990.0865,18.4
Najaf,2024-12-08 21:00:00,909.8701,928.55133,17.9
Najaf,2024-12-08 22:00:00,851.9299,845.0576,16.9
Najaf,2024-12-08 23:00:00,799.1837,770.6852,16.2
Najaf,2024-12-09 00:00:00,692.81067,710.703,14.3
Najaf,2024-12-09 01:00:00,609.06433,608.6969,13.8
Najaf,2024-12-09 02:00:00,590.38367,559.84436,13.2
Najaf,2024-12-09 03:00:00,557.2938,589.5825,12.7
Najaf,2024-12-09 04:00:00,627.33624,610.651,12.7
Najaf,2024-12-09 05:00:00,733.016,719.11334,12.4
Najaf,2024-12-09 06:00:00,846.59937,834.02124,11.8
Najaf,2024-12-09 07:00:00,864.87134,929.95935,11.7
Najaf,2024-12-09 08:00:00,892.27924,941.0927,12.4
Najaf,2024-12-09 09:00:00,959.2763,964.4725,13.6
Najaf,2024-12-09 10:00:00,1037.84,1021.48114,15.6
Najaf,2024-12-09 11:00:00,1054.15,1073.1199,17.3
Najaf,2024-12-09 12:00:00,1033.9661,1063.101,18.5
Najaf,2024-12-09 13:00:00,982.1162,1031.6525,19.5
Najaf,2024-12-09 14:00:00,992.77484,1002.63806,20.0
Najaf,2024-12-09 15:00:00,1070.3433,1039.2281,20.2
Najaf,2024-12-09 16:00:00,1098.1754,1107.706,20.0
Najaf,2024-12-09 17:00:00,1065.8625,1110.5156,18.6
Najaf,2024-12-09 18:00:00,1032.364,1054.9998,17.6
Najaf,2024-12-09 19:00:00,976.0256,1006.48065,16.9
Najaf,2024-12-09 20:00:00,927.8173,945.6162,16.0
Najaf,2024-12-09 21:00:00,866.7742,886.18427,15.2
Najaf,2024-12-09 22:00:00,811.5782,806.87665,14.5
Najaf,2024-12-09 23:00:00,761.3304,745.39655,13.8
Najaf,2024-12-10 00:00:00,706.2587,687.36865,13.1
Najaf,2024-12-10 01:00:00,620.8868,637.3501,12.6
Najaf,2024-12-10 02:00:00,549.4848,579.51337,12.2
Najaf,2024-12-10 03:00:00,568.11145,547.87823,11.9
Najaf,2024-12-10 04:00:00,639.5134,614.5148,11.2
Najaf,2024-12-10 05:00:00,747.2445,717.8496,10.9
Najaf,2024-12-10 06:00:00,863.03265,829.14966,10.6
Najaf,2024-12-10 07:00:00,881.65924,923.6391,10.4
Najaf,2024-12-10 08:00:00,909.5992,931.42426,11.0
Najaf,2024-12-10 09:00:00,977.8967,955.5984,12.6
Najaf,2024-12-10 10:00:00,1057.9854,1015.70355,14.6
Najaf,2024-12-10 11:00:00,1074.612,1071.0316,16.7
Najaf,2024-12-10 12:00:00,1054.0363,1062.9532,18.4
Najaf,2024-12-10 13:00:00,1001.18,1033.5275,19.5
Najaf,2024-12-10 14:00:00,1012.0455,1005.62805,20.1
Najaf,2024-12-10 15:00:00,1091.1196,1042.1416,20.1
Najaf,2024-12-10 16:00:00,1119.4921,1111.7594,20.1
Najaf,2024-12-10 17:00:00,1086.5519,1110.4417,18.4
Najaf,2024-12-10 18:00:00,1052.4031,1050.991,17.2
Najaf,2024-12-10 19:00:00,994.9711,1002.3405,16.5
Najaf,2024-12-10 20:00:00,945.82715,944.0201,15.6
Najaf,2024-12-10 21:00:00,883.599,883.7955,14.9
Najaf,2024-12-10 22:00:00,827.33167,806.0504,14.3
Najaf,2024-12-10 23:00:00,776.1085,748.15735,13.7
Najaf,2024-12-11 00:00:00,699.08514,696.1493,13.2
Najaf,2024-12-11 01:00:00,614.5803,624.83716,12.9
Najaf,2024-12-11 02:00:00,543.90356,567.7274,12.6
Najaf,2024-12-11 03:00:00,562.341,546.88477,12.1
Najaf,2024-12-11 04:00:00,633.01776,613.701,11.2
Najaf,2024-12-11 05:00:00,739.6546,717.0566,10.7
Najaf,2024-12-11 06:00:00,854.26666,827.9525,10.4
Najaf,2024-12-11 07:00:00,872.70404,922.4423,10.0
Najaf,2024-12-11 08:00:00,900.36017,931.4056,10.7
Najaf,2024-12-11 09:00:00,967.964,956.2487,12.4
Najaf,2024-12-11 10:00:00,1047.2391,1015.4231,14.6
Najaf,2024-12-11 11:00:00,1063.697,1069.1658,16.7
Najaf,2024-12-11 12:00:00,1043.3302,1059.697,18.5
Najaf,2024-12-11 13:00:00,991.0108,1030.0171,20.0
Najaf,2024-12-11 14:00:00,1001.7659,1003.2796,20.6
Najaf,2024-12-11 15:00:00,1080.0369,1039.6172,20.8
Najaf,2024-12-11 16:00:00,1108.1211,1108.3167,20.5
Najaf,2024-12-11 17:00:00,1075.5156,1108.1797,18.5
Najaf,2024-12-11 18:00:00,1041.7136,1048.6444,17.1
Najaf,2024-12-11 19:00:00,984.865,999.2831,15.9
Najaf,2024-12-11 20:00:00,936.22015,938.7962,14.9
Najaf,2024-12-11 21:00:00,874.6241,877.76337,14.0
Najaf,2024-12-11 22:00:00,818.9283,801.5759,12.9
Najaf,2024-12-11 23:00:00,768.2254,741.6853,11.8
Najaf,2024-12-12 00:00:00,686.0532,687.07446,11.1
Najaf,2024-12-12 01:00:00,621.27563,614.16187,10.6
Najaf,2024-12-12 02:00:00,588.8869,576.4972,10.4
Najaf,2024-12-12 03:00:00,603.6091,589.9352,10.3
Najaf,2024-12-12 04:00:00,647.7756,648.97266,9.8
Najaf,2024-12-12 05:00:00,708.73224,726.7142,9.6
Najaf,2024-12-12 06:00:00,818.5528,799.6421,9.6
Najaf,2024-12-12 07:00:00,836.21936,893.9689,9.5
Najaf,2024-12-12 08:00:00,862.7193,904.3558,10.5
Najaf,2024-12-12 09:00:00,927.4968,928.5349,12.3
Najaf,2024-12-12 10:00:00,1003.45776,985.1106,14.4
Najaf,2024-12-12 11:00:00,1019.22754,1033.7272,17.2
Najaf,2024-12-12 12:00:00,999.7122,1023.5574,19.1
Najaf,2024-12-12 13:00:00,949.5801,992.5377,20.5
Najaf,2024-12-12 14:00:00,959.8856,966.23114,21.2
Najaf,2024-12-12 15:00:00,1034.8843,1001.80096,21.5
Najaf,2024-12-12 16:00:00,1096.8018,1068.4109,20.8
Najaf,2024-12-12 17:00:00,1051.1631,1094.5974,18.6
Najaf,2024-12-12 18:00:00,1012.88544,1018.939,17.3
Najaf,2024-12-12 19:00:00,948.10785,972.07947,16.4
Najaf,2024-12-12 20:00:00,881.8581,905.39246,16.0
Najaf,2024-12-12 21:00:00,824.44165,831.8973,15.7
Najaf,2024-12-12 22:00:00,769.9696,771.6758,16.0
Najaf,2024-12-12 23:00:00,719.9142,717.60657,15.8
Najaf,2024-12-13 00:00:00,670.1725,664.0433,15.4
Najaf,2024-12-13 01:00:00,620.5301,620.147,15.1
Najaf,2024-12-13 02:00:00,586.40094,589.9958,14.9
Najaf,2024-12-13 03:00:00,601.9142,587.6205,14.4
Najaf,2024-12-13 04:00:00,620.5301,634.13855,14.3
Najaf,2024-12-13 05:00:00,644.1193,680.47076,13.9
Najaf,2024-12-13 06:00:00,722.91754,722.89496,13.5
Najaf,2024-12-13 07:00:00,833.06165,797.68164,12.9
Najaf,2024-12-13 08:00:00,913.7305,894.9005,13.4
Najaf,2024-12-13 09:00:00,1012.4292,961.0107,14.9
Najaf,2024-12-13 10:00:00,1061.7695,1032.2671,16.5
Najaf,2024-12-13 11:00:00,1098.8455,1051.7697,17.9
Najaf,2024-12-13 12:00:00,1071.828,1063.5585,18.8
Najaf,2024-12-13 13:00:00,1029.733,1030.7119,19.6
Najaf,2024-12-13 14:00:00,1007.33527,1015.1575,20.3
Najaf,2024-12-13 15:00:00,1018.5363,1028.5835,20.5
Najaf,2024-12-13 16:00:00,1064.96,1054.1558,19.6
Najaf,2024-12-13 17:00:00,1065.0005,1073.385,18.0
Najaf,2024-12-13 18:00:00,1005.534,1039.3153,16.9
Najaf,2024-12-13 19:00:00,949.8405,960.42773,16.1
Najaf,2024-12-13 20:00:00,929.7998,897.2548,15.4
Najaf,2024-12-13 21:00:00,867.13257,863.69415,15.0
Najaf,2024-12-13 22:00:00,790.6078,791.87317,14.6
Najaf,2024-12-13 23:00:00,740.21484,717.94666,13.9
Najaf,2024-12-14 00:00:00,878.99854,674.6294,12.9
Najaf,2024-12-14 01:00:00,818.07214,802.132,12.4
Najaf,2024-12-14 02:00:00,782.65344,737.3483,12.0
Najaf,2024-12-14 03:00:00,804.9108,716.15436,11.7
Najaf,2024-12-14 04:00:00,811.454,762.9704,10.6
Najaf,2024-12-14 05:00:00,895.0693,793.8178,10.1
Najaf,2024-12-14 06:00:00,1022.7473,898.7204,9.8
Najaf,2024-12-14 07:00:00,1145.6063,1033.1293,9.6
Najaf,2024-12-14 08:00:00,1243.7056,1142.7747,10.0
Najaf,2024-12-14 09:00:00,1368.6444,1216.5507,11.4
Najaf,2024-12-14 10:00:00,1478.292,1299.5063,12.8
Najaf,2024-12-14 11:00:00,1501.0166,1360.2703,14.3
Najaf,2024-12-14 12:00:00,1520.5713,1356.3169,15.4
Najaf,2024-12-14 13:00:00,1441.836,1363.5393,15.6
Najaf,2024-12-14 14:00:00,1424.209,1306.5822,15.4
Najaf,2024-12-14 15:00:00,1443.0774,1306.5546,15.1
Najaf,2024-12-14 16:00:00,1526.3788,1326.7559,15.1
Najaf,2024-12-14 17:00:00,1512.4066,1372.9873,14.1
Najaf,2024-12-14 18:00:00,1500.3805,1328.8479,13.1
Najaf,2024-12-14 19:00:00,1413.175,1292.6282,12.1
Najaf,2024-12-14 20:00:00,1337.8164,1212.7332,11.4
Najaf,2024-12-14 21:00:00,1229.1849,1142.039,10.8
Najaf,2024-12-14 22:00:00,1102.9093,1056.7968,9.8
Najaf,2024-12-14 23:00:00,1033.0345,968.24677,8.9
Najaf,2024-12-15 00:00:00,1114.8372,941.5498,8.1
Najaf,2024-12-15 01:00:00,918.1012,1003.617,7.5
Najaf,2024-12-15 02:00:00,819.7332,841.51764,7.1
Najaf,2024-12-15 03:00:00,852.5225,784.4715,6.8
Najaf,2024-12-15 04:00:00,930.29834,859.3446,6.2
Najaf,2024-12-15 05:00:00,1105.2236,983.0813,5.8
Najaf,2024-12-15 06:00:00,1216.484,1166.7211,5.4
Najaf,2024-12-15 07:00:00,1259.1102,1272.1129,5.2
Najaf,2024-12-15 08:00:00,1265.6681,1314.6288,5.7
Najaf,2024-12-15 09:00:00,1344.3624,1333.3531,7.2
Najaf,2024-12-15 10:00:00,1426.3357,1404.1487,9.0
Najaf,2024-12-15 11:00:00,1409.941,1456.999,10.8
Najaf,2024-12-15 12:00:00,1377.1517,1428.6833,12.2
Najaf,2024-12-15 13:00:00,1335.2736,1388.2313,13.4
Najaf,2024-12-15 14:00:00,1337.5796,1368.033,13.9
Najaf,2024-12-15 15:00:00,1442.7303,1387.974,14.1
Najaf,2024-12-15 16:00:00,1610.995,1478.6213,14.2
Najaf,2024-12-15 17:00:00,1608.359,1572.0698,12.5
Najaf,2024-12-15 18:00:00,1573.8877,1528.7048,11.2
Najaf,2024-12-15 19:00:00,1534.5405,1462.756,10.2
Najaf,2024-12-15 20:00:00,1475.5198,1408.6659,9.4
Najaf,2024-12-15 21:00:00,1377.1517,1334.8666,8.4
Najaf,2024-12-15 22:00:00,1278.7838,1238.4894,7.6
Najaf,2024-12-15 23:00:00,1147.6265,1159.1147,6.8
Najaf,2024-12-16 00:00:00,1075.5391,1064.5049,6.1
Najaf,2024-12-16 01:00:00,885.7381,984.3267,5.5
Najaf,2024-12-16 02:00:00,790.8376,842.1421,5.1
Najaf,2024-12-16 03:00:00,822.47107,815.1022,4.9
Najaf,2024-12-16 04:00:00,897.5053,911.00824,4.0
Najaf,2024-12-16 05:00:00,1066.2645,1037.4388,3.5
Najaf,2024-12-16 06:00:00,1173.603,1195.0773,3.0
Najaf,2024-12-16 07:00:00,1214.7266,1271.8239,2.7
Najaf,2024-12-16 08:00:00,1221.0532,1289.5641,3.5
Najaf,2024-12-16 09:00:00,1296.9736,1295.5083,5.3
Najaf,2024-12-16 10:00:00,1376.0574,1353.1847,7.7
Najaf,2024-12-16 11:00:00,1360.2406,1396.7931,9.9
Najaf,2024-12-16 12:00:00,1328.6072,1362.6036,11.7
Najaf,2024-12-16 13:00:00,1288.2051,1331.0,13.1
Najaf,2024-12-16 14:00:00,1290.4299,1321.3934,13.9
Najaf,2024-12-16 15:00:00,1391.8741,1366.2947,13.9
Najaf,2024-12-16 16:00:00,1554.2074,1467.2217,13.7
Najaf,2024-12-16 17:00:00,1551.6643,1564.6993,11.6
Najaf,2024-12-16 18:00:00,1518.4082,1521.9128,10.1
Najaf,2024-12-16 19:00:00,1480.448,1465.5498,8.7
Najaf,2024-12-16 20:00:00,1423.5077,1415.4832,7.6
Najaf,2024-12-16 21:00:00,1328.6072,1344.8053,6.4
Najaf,2024-12-16 22:00:00,1233.7067,1240.7053,5.6
Najaf,2024-12-16 23:00:00,1107.1726,1139.1748,5.1
Najaf,2024-12-17 00:00:00,1085.4772,1024.4152,4.6
Najaf,2024-12-17 01:00:00,893.92236,989.26245,4.1
Najaf,2024-12-17 02:00:00,798.14496,837.72003,3.9
Najaf,2024-12-17 03:00:00,830.07074,810.3334,3.7
Najaf,2024-12-17 04:00:00,905.7983,908.4738,2.8
Najaf,2024-12-17 05:00:00,1076.1168,1030.5667,2.2
Najaf,2024-12-17 06:00:00,1184.4471,1189.3071,1.9
Najaf,2024-12-17 07:00:00,1225.9507,1267.9485,1.5
Najaf,2024-12-17 08:00:00,1232.3358,1283.652,2.4
Najaf,2024-12-17 09:00:00,1308.9578,1286.2172,4.6
Najaf,2024-12-17 10:00:00,1388.7722,1344.189,7.3
Najaf,2024-12-17 11:00:00,1372.8093,1388.465,10.0
Najaf,2024-12-17 12:00:00,1340.8835,1354.5734,12.1
Najaf,2024-12-17 13:00:00,1300.1082,1321.6733,13.5
Najaf,2024-12-17 14:00:00,1302.3535,1311.9548,14.3
Najaf,2024-12-17 15:00:00,1404.7351,1357.3578,14.4
Najaf,2024-12-17 16:00:00,1568.5684,1459.3853,14.6
Najaf,2024-12-17 17:00:00,1566.0018,1559.3577,12.3
Najaf,2024-12-17 18:00:00,1532.4384,1513.6475,11.4
Najaf,2024-12-17 19:00:00,1494.1273,1459.7817,10.4
Najaf,2024-12-17 20:00:00,1436.6609,1411.3508,9.6
Najaf,2024-12-17 21:00:00,1340.8835,1341.5428,8.8
Najaf,2024-12-17 22:00:00,1245.1061,1239.9861,8.2
Najaf,2024-12-17 23:00:00,1117.403,1140.9836,7.8
Najaf,2024-12-18 00:00:00,1046.0847,1032.0457,7.3
Najaf,2024-12-18 01:00:00,928.6739,954.56055,6.8
Najaf,2024-12-18 02:00:00,829.1731,864.7386,6.2
Najaf,2024-12-18 03:00:00,862.34,829.98346,5.8
Najaf,2024-12-18 04:00:00,941.0115,923.5563,4.9
Najaf,2024-12-18 05:00:00,1117.9513,1049.559,4.7
Najaf,2024-12-18 06:00:00,1230.4929,1217.9548,4.3
Najaf,2024-12-18 07:00:00,1273.6099,1300.6976,4.2
Najaf,2024-12-18 08:00:00,1280.2433,1318.217,4.9
Najaf,2024-12-18 09:00:00,1359.8439,1321.7617,6.9
Najaf,2024-12-18 10:00:00,1442.7612,1382.8303,9.4
Najaf,2024-12-18 11:00:00,1426.1777,1429.3579,11.8
Najaf,2024-12-18 12:00:00,1393.0107,1396.0542,13.7
Najaf,2024-12-18 13:00:00,1350.6503,1364.2583,14.9
Najaf,2024-12-18 14:00:00,1352.9829,1356.0653,15.4
Najaf,2024-12-18 15:00:00,1444.0879,1398.8088,15.3
Najaf,2024-12-18 16:00:00,1547.5686,1492.6279,15.4
Najaf,2024-12-18 17:00:00,1532.9752,1553.0925,13.9
Najaf,2024-12-18 18:00:00,1492.5116,1507.5128,12.6
Najaf,2024-12-18 19:00:00,1422.1976,1450.1931,11.6
Najaf,2024-12-18 20:00:00,1337.2904,1376.7341,10.9
Najaf,2024-12-18 21:00:00,1252.383,1283.853,10.1
Najaf,2024-12-18 22:00:00,1178.7524,1190.8323,9.4
Najaf,2024-12-18 23:00:00,1127.6754,1105.6097,8.6
Najaf,2024-12-19 00:00:00,998.9504,1049.2732,7.9
Najaf,2024-12-19 01:00:00,886.8298,929.2393,7.4
Najaf,2024-12-19 02:00:00,791.8123,845.9335,6.8
Najaf,2024-12-19 03:00:00,823.4848,819.28564,6.4
Najaf,2024-12-19 04:00:00,898.61145,914.7007,5.7
Najaf,2024-12-19 05:00:00,1067.5787,1040.7687,5.4
Najaf,2024-12-19 06:00:00,1175.0494,1199.3206,5.2
Najaf,2024-12-19 07:00:00,1216.2236,1276.7828,4.9
Najaf,2024-12-19 08:00:00,1222.5582,1294.3495,5.8
Najaf,2024-12-19 09:00:00,1298.5721,1300.0001,7.5
Najaf,2024-12-19 10:00:00,1377.7534,1358.6318,9.8
Najaf,2024-12-19 11:00:00,1361.9171,1402.6953,12.2
Najaf,2024-12-19 12:00:00,1330.2446,1368.4911,14.2
Najaf,2024-12-19 13:00:00,1289.7928,1336.4614,15.5
Najaf,2024-12-19 14:00:00,1292.0204,1325.759,16.2
Najaf,2024-12-19 15:00:00,1379.0203,1359.2731,16.4
Najaf,2024-12-19 16:00:00,1477.8385,1438.8787,16.6
Najaf,2024-12-19 17:00:00,1463.9026,1493.771,14.6
Najaf,2024-12-19 18:00:00,1425.2621,1443.4441,13.1
Najaf,2024-12-19 19:00:00,1371.419,1379.0785,11.7
Najaf,2024-12-19 20:00:00,1309.9742,1311.9434,10.5
Najaf,2024-12-19 21:00:00,1252.9637,1240.6904,9.4
Najaf,2024-12-19 22:00:00,1188.9854,1175.508,8.6
Najaf,2024-12-19 23:00:00,1111.7045,1105.9818,7.9
Najaf,2024-12-20 00:00:00,870.5917,1019.8959,7.3
Najaf,2024-12-20 01:00:00,786.7065,806.9362,7.0
Najaf,2024-12-20 02:00:00,734.9135,758.7264,6.8
Najaf,2024-12-20 03:00:00,744.31757,773.2446,6.4
Najaf,2024-12-20 04:00:00,806.48535,845.6655,5.0
Najaf,2024-12-20 05:00:00,877.7167,957.978,4.7
Najaf,2024-12-20 06:00:00,987.20593,1045.4171,4.5
Najaf,2024-12-20 07:00:00,1135.1812,1134.5034,4.7
Najaf,2024-12-20 08:00:00,1268.3588,1239.7346,5.9
Najaf,2024-12-20 09:00:00,1379.5984,1333.3868,8.1
Najaf,2024-12-20 10:00:00,1446.8326,1393.4344,8.9
Najaf,2024-12-20 11:00:00,1454.3848,1407.2815,9.2
Najaf,2024-12-20 12:00:00,1426.9037,1388.8536,10.6
Najaf,2024-12-20 13:00:00,1403.1777,1361.4728,13.2
Najaf,2024-12-20 14:00:00,1407.8783,1368.6313,13.8
Najaf,2024-12-20 15:00:00,1426.9037,1403.171,13.0
Najaf,2024-12-20 16:00:00,1526.2584,1433.7302,12.2
Najaf,2024-12-20 17:00:00,1505.1191,1494.7915,11.7
Najaf,2024-12-20 18:00:00,1469.1823,1452.2208,11.2
Najaf,2024-12-20 19:00:00,1407.8783,1403.121,10.4
Najaf,2024-12-20 20:00:00,1338.1185,1339.0074,9.7
Najaf,2024-12-20 21:00:00,1257.7892,1264.4858,8.9
Najaf,2024-12-20 22:00:00,1173.2319,1176.1825,8.0
Najaf,2024-12-20 23:00:00,1103.4722,1077.4321,7.5
Najaf,2024-12-21 00:00:00,899.455,980.4613,7.0
Najaf,2024-12-21 01:00:00,837.1107,795.7037,6.5
Najaf,2024-12-21 02:00:00,800.8678,762.1291,6.2
Najaf,2024-12-21 03:00:00,823.6431,772.3507,6.1
Najaf,2024-12-21 04:00:00,856.41406,844.0633,6.4
Najaf,2024-12-21 05:00:00,915.8998,923.4412,6.2
Najaf,2024-12-21 06:00:00,1046.5492,1020.2292,6.2
Najaf,2024-12-21 07:00:00,1172.2675,1160.8429,6.2
Najaf,2024-12-21 08:00:00,1272.6498,1269.7413,6.8
Najaf,2024-12-21 09:00:00,1380.7491,1347.9899,7.8
Najaf,2024-12-21 10:00:00,1474.6926,1414.4067,9.0
Najaf,2024-12-21 11:00:00,1505.2788,1452.6593,10.4
Najaf,2024-12-21 12:00:00,1489.9857,1457.1854,11.8
Najaf,2024-12-21 13:00:00,1475.3912,1436.8325,12.5
Najaf,2024-12-21 14:00:00,1457.354,1437.7723,12.8
Najaf,2024-12-21 15:00:00,1476.6614,1446.2701,12.8
Najaf,2024-12-21 16:00:00,1561.9015,1481.4502,12.4
Najaf,2024-12-21 17:00:00,1551.1581,1529.0581,11.9
Najaf,2024-12-21 18:00:00,1518.3872,1492.8147,11.5
Najaf,2024-12-21 19:00:00,1474.6926,1442.738,11.0
Najaf,2024-12-21 20:00:00,1420.0743,1389.4426,9.9
Najaf,2024-12-21 21:00:00,1343.6088,1317.8157,9.4
Najaf,2024-12-21 22:00:00,1267.1432,1232.3196,9.0
Najaf,2024-12-21 23:00:00,1179.754,1147.4714,8.6
Najaf,2024-12-22 00:00:00,992.7263,1047.841,8.4
Najaf,2024-12-22 01:00:00,881.30426,896.2917,7.9
Najaf,2024-12-22 02:00:00,786.87885,818.8508,7.6
Najaf,2024-12-22 03:00:00,818.35394,778.05286,7.3
Najaf,2024-12-22 04:00:00,893.0126,848.2037,7.2
Najaf,2024-12-22 05:00:00,1060.927,962.60944,6.9
Najaf,2024-12-22 06:00:00,1167.7281,1143.1378,6.7
Najaf,2024-12-22 07:00:00,1208.6459,1246.5781,6.4
Najaf,2024-12-22 08:00:00,1214.9409,1286.1415,6.9
Najaf,2024-12-22 09:00:00,1290.4812,1301.6233,8.2
Najaf,2024-12-22 10:00:00,1369.1692,1369.746,10.0
Najaf,2024-12-22 11:00:00,1353.4315,1424.5363,11.7
Najaf,2024-12-22 12:00:00,1321.9564,1395.2024,13.1
Najaf,2024-12-22 13:00:00,1281.7566,1364.4138,14.1
Najaf,2024-12-22 14:00:00,1283.9703,1342.9275,14.4
Najaf,2024-12-22 15:00:00,1370.4281,1362.4358,14.4
Najaf,2024-12-22 16:00:00,1468.6306,1440.0327,14.2
Najaf,2024-12-22 17:00:00,1454.7815,1495.0076,12.6
Najaf,2024-12-22 18:00:00,1416.3818,1450.9802,11.4
Najaf,2024-12-22 19:00:00,1349.6545,1397.1829,10.4
Najaf,2024-12-22 20:00:00,1269.0781,1330.3772,9.7
Najaf,2024-12-22 21:00:00,1188.5017,1246.2139,9.0
Najaf,2024-12-22 22:00:00,1118.627,1159.0294,8.4
Najaf,2024-12-22 23:00:00,1070.1552,1075.3871,8.1
Najaf,2024-12-23 00:00:00,927.3909,1004.08844,7.5
Najaf,2024-12-23 01:00:00,823.302,866.8274,7.2
Najaf,2024-12-23 02:00:00,735.09106,791.6334,6.9
Najaf,2024-12-23 03:00:00,764.4947,767.79315,6.7
Najaf,2024-12-23 04:00:00,834.23975,858.02356,6.2
Najaf,2024-12-23 05:00:00,991.103,976.19073,5.2
Najaf,2024-12-23 06:00:00,1090.8751,1121.7319,5.1
Najaf,2024-12-23 07:00:00,1129.0999,1194.5312,4.9
Najaf,2024-12-23 08:00:00,1134.9806,1209.45,6.2
Najaf,2024-12-23 09:00:00,1205.5493,1213.3173,7.6
Najaf,2024-12-23 10:00:00,1279.0585,1268.4712,9.8
Najaf,2024-12-23 11:00:00,1264.3567,1309.506,12.3
Najaf,2024-12-23 12:00:00,1234.953,1276.3511,14.0
Najaf,2024-12-23 13:00:00,1197.3989,1245.7493,15.0
Najaf,2024-12-23 14:00:00,1199.4669,1235.1506,15.4
Najaf,2024-12-23 15:00:00,1280.2346,1270.128,15.5
Najaf,2024-12-23 16:00:00,1371.974,1347.411,15.8
Najaf,2024-12-23 17:00:00,1359.0364,1400.1158,13.9
Najaf,2024-12-23 18:00:00,1323.164,1348.9005,12.8
Najaf,2024-12-23 19:00:00,1260.8282,1289.994,12.1
Najaf,2024-12-23 20:00:00,1185.5549,1217.6578,11.4
Najaf,2024-12-23 21:00:00,1110.2816,1138.3225,11.1
Najaf,2024-12-23 22:00:00,1045.0055,1063.1709,10.4
Najaf,2024-12-23 23:00:00,999.7239,995.794,9.6
Najaf,2024-12-24 00:00:00,885.78925,928.2546,8.5
Najaf,2024-12-24 01:00:00,786.3697,806.45654,7.6
Najaf,2024-12-24 02:00:00,702.1158,732.5233,7.2
Najaf,2024-12-24 03:00:00,730.20044,713.46063,6.9
Najaf,2024-12-24 04:00:00,796.8168,801.3528,6.8
Najaf,2024-12-24 05:00:00,946.6434,917.25934,6.2
Najaf,2024-12-24 06:00:00,1041.9398,1063.4619,5.6
Najaf,2024-12-24 07:00:00,1078.4498,1135.0885,5.0
Najaf,2024-12-24 08:00:00,1084.0668,1151.6377,6.2
Najaf,2024-12-24 09:00:00,1151.4698,1157.4891,8.9
Najaf,2024-12-24 10:00:00,1221.6815,1210.8473,10.6
Najaf,2024-12-24 11:00:00,1207.6392,1244.6907,13.8
Najaf,2024-12-24 12:00:00,1179.5546,1213.2126,16.1
Najaf,2024-12-24 13:00:00,1143.685,1184.22,17.5
Najaf,2024-12-24 14:00:00,1145.6603,1173.7632,18.2
Najaf,2024-12-24 15:00:00,1222.8048,1206.1283,18.6
Najaf,2024-12-24 16:00:00,1310.429,1280.8751,18.7
Najaf,2024-12-24 17:00:00,1298.0717,1330.9082,16.5
Najaf,2024-12-24 18:00:00,1263.8085,1281.0405,14.8
Najaf,2024-12-24 19:00:00,1204.269,1219.4586,13.6
Najaf,2024-12-24 20:00:00,1132.3723,1147.4772,12.9
Najaf,2024-12-24 21:00:00,1060.4757,1073.0864,12.1
Najaf,2024-12-24 22:00:00,998.1278,1002.5459,10.9
Najaf,2024-12-24 23:00:00,954.87744,939.2297,9.6
Najaf,2024-12-25 00:00:00,729.90594,869.76,8.7
Najaf,2024-12-25 01:00:00,691.3034,660.03577,7.9
Najaf,2024-12-25 02:00:00,696.97473,662.2964,7.6
Najaf,2024-12-25 03:00:00,668.3847,723.8582,7.4
Najaf,2024-12-25 04:00:00,694.9783,750.87244,6.3
Najaf,2024-12-25 05:00:00,743.25085,821.8131,5.9
Najaf,2024-12-25 06:00:00,849.2726,887.2925,5.7
Najaf,2024-12-25 07:00:00,951.29266,985.38635,5.5
Najaf,2024-12-25 08:00:00,1032.7527,1065.2091,6.8
Najaf,2024-12-25 09:00:00,1120.4752,1124.4175,9.1
Najaf,2024-12-25 10:00:00,1196.7101,1182.1371,11.9
Najaf,2024-12-25 11:00:00,1221.5308,1208.7125,14.6
Najaf,2024-12-25 12:00:00,1209.1204,1199.7524,16.6
Najaf,2024-12-25 13:00:00,1197.277,1177.0804,17.7
Najaf,2024-12-25 14:00:00,1182.6398,1182.0193,18.2
Najaf,2024-12-25 15:00:00,1198.3077,1198.4579,18.2
Najaf,2024-12-25 16:00:00,1267.4799,1229.3701,18.5
Najaf,2024-12-25 17:00:00,1258.7617,1280.667,16.6
Najaf,2024-12-25 18:00:00,1232.1681,1242.3995,14.9
Najaf,2024-12-25 19:00:00,1196.7101,1186.9647,13.6
Najaf,2024-12-25 20:00:00,1152.3875,1132.437,12.4
Najaf,2024-12-25 21:00:00,1090.3358,1073.8096,11.1
Najaf,2024-12-25 22:00:00,1028.2842,1004.2558,10.2
Najaf,2024-12-25 23:00:00,957.36804,926.6133,9.4
Najaf,2024-12-26 00:00:00,825.5723,822.20264,8.7
Najaf,2024-12-26 01:00:00,732.9114,715.8611,8.1
Najaf,2024-12-26 02:00:00,703.595,668.0668,7.7
Najaf,2024-12-26 03:00:00,743.38153,678.03174,7.5
Najaf,2024-12-26 04:00:00,802.53796,753.8354,6.6
Najaf,2024-12-26 05:00:00,882.2895,838.7291,6.2
Najaf,2024-12-26 06:00:00,971.1076,938.4549,6.0
Najaf,2024-12-26 07:00:00,1005.1356,1039.3173,5.8
Najaf,2024-12-26 08:00:00,1010.3707,1076.2067,6.4
Najaf,2024-12-26 09:00:00,1073.1917,1086.0068,8.4
Najaf,2024-12-26 10:00:00,1138.6302,1141.7029,11.9
Najaf,2024-12-26 11:00:00,1163.2351,1183.7319,15.2
Najaf,2024-12-26 12:00:00,1122.4015,1182.8142,18.0
Najaf,2024-12-26 13:00:00,1087.3264,1136.2897,19.8
Najaf,2024-12-26 14:00:00,1092.038,1114.9513,20.8
Najaf,2024-12-26 15:00:00,1139.6772,1137.2845,21.0
Najaf,2024-12-26 16:00:00,1221.3445,1187.9941,21.0
Najaf,2024-12-26 17:00:00,1209.8273,1240.3594,19.5
Najaf,2024-12-26 18:00:00,1177.8933,1200.2501,18.4
Najaf,2024-12-26 19:00:00,1133.3951,1151.7488,17.8
Najaf,2024-12-26 20:00:00,1082.6149,1098.3607,17.3
Najaf,2024-12-26 21:00:00,1035.4991,1038.4332,16.9
Najaf,2024-12-26 22:00:00,982.62476,982.03546,17.0
Najaf,2024-12-26 23:00:00,918.7568,920.083,17.1
Najaf,2024-12-27 00:00:00,704.1709,833.32556,17.0
Najaf,2024-12-27 01:00:00,670.8218,633.1083,16.8
Najaf,2024-12-27 02:00:00,629.7442,644.3301,16.4
Najaf,2024-12-27 03:00:00,602.03516,652.42346,16.0
Najaf,2024-12-27 04:00:00,652.319,668.1725,15.9
Najaf,2024-12-27 05:00:00,709.9339,749.6042,15.8
Najaf,2024-12-27 06:00:00,759.1671,822.0532,15.6
Najaf,2024-12-27 07:00:00,918.1819,870.41547,15.6
Najaf,2024-12-27 08:00:00,1007.0933,1003.67694,15.7
Najaf,2024-12-27 09:00:00,1115.8768,1076.1833,16.3
Najaf,2024-12-27 10:00:00,1170.2587,1147.8492,17.9
Najaf,2024-12-27 11:00:00,1211.1228,1163.7656,19.7
Najaf,2024-12-27 12:00:00,1181.3448,1172.7568,20.5
Najaf,2024-12-27 13:00:00,1134.9487,1139.7878,20.5
Najaf,2024-12-27 14:00:00,1110.2623,1117.1849,21.6
Najaf,2024-12-27 15:00:00,1122.6079,1129.0114,21.8
Najaf,2024-12-27 16:00:00,1173.775,1161.6221,22.1
Najaf,2024-12-27 17:00:00,1173.8196,1199.1929,21.1
Najaf,2024-12-27 18:00:00,1108.2771,1177.1968,20.4
Najaf,2024-12-27 19:00:00,1046.893,1103.1196,19.5
Najaf,2024-12-27 20:00:00,1024.8046,1035.5566,18.6
Najaf,2024-12-27 21:00:00,955.7341,1003.7423,16.2
Najaf,2024-12-27 22:00:00,871.3902,913.0504,15.0
Najaf,2024-12-27 23:00:00,815.84827,799.2803,14.1
Najaf,2024-12-28 00:00:00,732.3491,724.4015,14.2
Najaf,2024-12-28 01:00:00,681.58746,662.3911,14.2
Najaf,2024-12-28 02:00:00,652.07794,634.51624,13.2
Najaf,2024-12-28 03:00:00,670.62195,631.0608,12.1
Najaf,2024-12-28 04:00:00,697.3045,682.0625,12.1
Najaf,2024-12-28 05:00:00,745.73865,742.7113,11.1
Najaf,2024-12-28 06:00:00,852.1153,814.99286,10.1
Najaf,2024-12-28 07:00:00,954.47687,938.84344,9.4
Najaf,2024-12-28 08:00:00,1036.2096,1037.2582,9.8
Najaf,2024-12-28 09:00:00,1124.2257,1110.2589,11.4
Najaf,2024-12-28 10:00:00,1200.7157,1171.9999,13.8
Najaf,2024-12-28 11:00:00,1225.6194,1213.9507,15.9
Najaf,2024-12-28 12:00:00,1213.1676,1208.5317,17.3
Najaf,2024-12-28 13:00:00,1201.2845,1183.4076,17.9
Najaf,2024-12-28 14:00:00,1186.5984,1177.6357,18.0
Najaf,2024-12-28 15:00:00,1202.3187,1179.2501,17.9
Najaf,2024-12-28 16:00:00,1271.7224,1203.3735,17.8
Najaf,2024-12-28 17:00:00,1262.975,1248.3533,15.9
Najaf,2024-12-28 18:00:00,1236.2925,1201.7363,14.7
Najaf,2024-12-28 19:00:00,1200.7157,1152.4897,13.5
Najaf,2024-12-28 20:00:00,1156.2448,1108.0934,12.4
Najaf,2024-12-28 21:00:00,1093.9855,1051.9453,11.4
Najaf,2024-12-28 22:00:00,1031.7261,982.2984,11.2
Najaf,2024-12-28 23:00:00,960.5726,916.04834,10.7
Najaf,2024-12-29 00:00:00,885.4458,837.9336,9.9
Najaf,2024-12-29 01:00:00,786.06476,771.41174,8.6
Najaf,2024-12-29 02:00:00,701.8435,703.1133,7.9
Najaf,2024-12-29 03:00:00,729.91724,668.8804,7.8
Najaf,2024-12-29 04:00:00,796.50775,738.3268,7.5
Najaf,2024-12-29 05:00:00,946.27625,836.50006,7.1
Najaf,2024-12-29 06:00:00,1041.5358,994.1629,6.9
Najaf,2024-12-29 07:00:00,1078.0316,1093.6362,6.4
Najaf,2024-12-29 08:00:00,1083.6464,1124.7108,7.4
Najaf,2024-12-29 09:00:00,1151.0233,1132.8091,9.4
Najaf,2024-12-29 10:00:00,1221.2078,1189.1431,11.2
Najaf,2024-12-29 11:00:00,1207.1709,1235.1249,13.4
Najaf,2024-12-29 12:00:00,1179.097,1205.6819,15.5
Najaf,2024-12-29 13:00:00,1143.2416,1178.4235,17.2
Najaf,2024-12-29 14:00:00,1145.2161,1160.5482,18.2
Najaf,2024-12-29 15:00:00,1222.3307,1180.7194,18.5
Najaf,2024-12-29 16:00:00,1309.9208,1255.6809,19.0
Najaf,2024-12-29 17:00:00,1297.5682,1308.1346,17.4
Najaf,2024-12-29 18:00:00,1263.3184,1266.0352,16.3
Najaf,2024-12-29 19:00:00,1203.802,1212.4084,15.8
Najaf,2024-12-29 20:00:00,1131.9332,1148.8015,14.7
Najaf,2024-12-29 21:00:00,1060.0645,1072.2943,13.1
Najaf,2024-12-29 22:00:00,997.7407,996.02155,12.1
Najaf,2024-12-29 23:00:00,954.5072,932.1139,11.2
Najaf,2024-12-30 00:00:00,891.8982,871.3513,10.2
Najaf,2024-12-30 01:00:00,791.7929,798.51373,9.6
Najaf,2024-12-30 02:00:00,706.95795,725.6996,8.9
Najaf,2024-12-30 03:00:00,735.23627,702.5045,8.1
Najaf,2024-12-30 04:00:00,802.3121,787.7884,7.7
Najaf,2024-12-30 05:00:00,953.17194,898.1136,6.7
Najaf,2024-12-30 06:00:00,1049.1256,1048.421,6.2
Najaf,2024-12-30 07:00:00,1085.8875,1128.5193,6.2
Najaf,2024-12-30 08:00:00,1091.5431,1147.6445,7.2
Najaf,2024-12-30 09:00:00,1159.411,1151.0747,9.9
Najaf,2024-12-30 10:00:00,1230.1068,1203.9756,12.8
Najaf,2024-12-30 11:00:00,1215.9677,1241.9436,15.2
Najaf,2024-12-30 12:00:00,1187.6893,1206.7535,17.4
Najaf,2024-12-30 13:00:00,1151.5725,1177.2313,18.6
Najaf,2024-12-30 14:00:00,1153.5614,1165.2759,19.0
Najaf,2024-12-30 15:00:00,1231.238,1194.6842,19.0
Najaf,2024-12-30 16:00:00,1319.4663,1267.9637,18.5
Najaf,2024-12-30 17:00:00,1307.0239,1315.4905,16.9
Najaf,2024-12-30 18:00:00,1272.5243,1268.8457,15.6
Najaf,2024-12-30 19:00:00,1212.5743,1209.0511,14.4
Najaf,2024-12-30 20:00:00,1140.1818,1138.1315,13.7
Najaf,2024-12-30 21:00:00,1067.7893,1065.3463,13.2
Najaf,2024-12-30 22:00:00,1005.0115,998.68994,12.1
Najaf,2024-12-30 23:00:00,961.4628,940.24506,11.0
Najaf,2024-12-31 00:00:00,943.15045,881.02875,9.9
Najaf,2024-12-31 01:00:00,830.1159,848.42267,9.2
Najaf,2024-12-31 02:00:00,747.58276,756.4637,8.9
Najaf,2024-12-31 03:00:00,762.5344,734.19476,8.2
Najaf,2024-12-31 04:00:00,848.4163,807.82245,8.1
Najaf,2024-12-31 05:00:00,996.3783,940.50543,7.4
Najaf,2024-12-31 06:00:00,1129.149,1086.1974,7.1
Najaf,2024-12-31 07:00:00,1136.3258,1192.6666,7.1
Najaf,2024-12-31 08:00:00,1169.2195,1180.9783,7.8
Najaf,2024-12-31 09:00:00,1226.0358,1200.4221,9.8
Najaf,2024-12-31 10:00:00,1269.0966,1242.9197,12.3
Najaf,2024-12-31 11:00:00,1285.8424,1261.9362,15.0
Najaf,2024-12-31 12:00:00,1255.9391,1258.0454,16.6
Najaf,2024-12-31 13:00:00,1229.0261,1227.9374,17.7
Najaf,2024-12-31 14:00:00,1219.85,1222.8964,18.2
Najaf,2024-12-31 15:00:00,1269.0966,1244.5243,18.2
Najaf,2024-12-31 16:00:00,1348.6393,1297.8005,18.5
Najaf,2024-12-31 17:00:00,1336.678,1343.007,16.8
Najaf,2024-12-31 18:00:00,1308.5688,1298.0094,15.1
Najaf,2024-12-31 19:00:00,1269.0966,1239.5427,13.5
Najaf,2024-12-31 20:00:00,1223.0454,1182.0955,12.7
Najaf,2024-12-31 21:00:00,1182.975,1128.0558,11.6
Najaf,2024-12-31 22:00:00,1122.5703,1082.8379,11.1
Najaf,2024-12-31 23:00:00,1049.6062,1027.2316,10.2
Wasit,2024-12-02 00:00:00,721.7387,665.8209,7.8
Wasit,2024-12-02 01:00:00,681.8392,679.1535,7.2
Wasit,2024-12-02 02:00:00,665.551,656.8715,6.7
Wasit,2024-12-02 03:00:00,681.8188,678.61865,6.3
Wasit,2024-12-02 04:00:00,766.9533,743.8113,5.8
Wasit,2024-12-02 05:00:00,963.4581,864.0341,5.2
Wasit,2024-12-02 06:00:00,1057.7006,1015.2756,4.8
Wasit,2024-12-02 07:00:00,1077.9242,1061.7936,4.3
Wasit,2024-12-02 08:00:00,1094.3041,1074.2311,5.6
Wasit,2024-12-02 09:00:00,1152.9264,1097.6597,7.3
Wasit,2024-12-02 10:00:00,1176.76,1136.4578,9.3
Wasit,2024-12-02 11:00:00,1168.931,1141.6747,11.2
Wasit,2024-12-02 12:00:00,1146.113,1134.769,12.8
Wasit,2024-12-02 13:00:00,1107.7256,1126.3655,14.1
Wasit,2024-12-02 14:00:00,1116.5248,1120.0981,14.6
Wasit,2024-12-02 15:00:00,1180.7218,1150.3998,14.8
Wasit,2024-12-02 16:00:00,1236.9916,1189.623,14.8
Wasit,2024-12-02 17:00:00,1160.5327,1180.6791,12.2
Wasit,2024-12-02 18:00:00,1098.148,1086.8147,11.2
Wasit,2024-12-02 19:00:00,1031.4097,1012.3197,10.5
Wasit,2024-12-02 20:00:00,942.4253,932.47595,10.1
Wasit,2024-12-02 21:00:00,855.4633,841.3096,9.4
Wasit,2024-12-02 22:00:00,782.65796,761.3804,8.4
Wasit,2024-12-02 23:00:00,748.2776,708.47473,7.8
Wasit,2024-12-03 00:00:00,699.7861,693.3115,7.2
Wasit,2024-12-03 01:00:00,661.1001,659.05005,6.6
Wasit,2024-12-03 02:00:00,645.3074,647.39795,6.2
Wasit,2024-12-03 03:00:00,661.0803,672.11755,5.8
Wasit,2024-12-03 04:00:00,743.6254,739.54224,4.3
Wasit,2024-12-03 05:00:00,934.15326,861.7339,3.5
Wasit,2024-12-03 06:00:00,1025.5292,1010.9923,3.2
Wasit,2024-12-03 07:00:00,1045.1377,1057.217,3.5
Wasit,2024-12-03 08:00:00,1061.0193,1068.7498,5.2
Wasit,2024-12-03 09:00:00,1117.8586,1091.2273,8.6
Wasit,2024-12-03 10:00:00,1140.9673,1130.2214,11.6
Wasit,2024-12-03 11:00:00,1133.3763,1132.794,13.8
Wasit,2024-12-03 12:00:00,1111.2524,1121.4263,15.2
Wasit,2024-12-03 13:00:00,1074.0326,1111.0148,16.1
Wasit,2024-12-03 14:00:00,1082.5641,1104.9501,16.5
Wasit,2024-12-03 15:00:00,1144.8086,1136.7542,16.5
Wasit,2024-12-03 16:00:00,1199.3667,1184.5557,16.5
Wasit,2024-12-03 17:00:00,1125.2336,1177.3699,13.8
Wasit,2024-12-03 18:00:00,1064.7463,1082.6298,12.4
Wasit,2024-12-03 19:00:00,1000.03796,1006.42236,11.3
Wasit,2024-12-03 20:00:00,913.7602,921.7382,10.5
Wasit,2024-12-03 21:00:00,829.44324,826.99963,9.8
Wasit,2024-12-03 22:00:00,758.85236,745.19934,9.0
Wasit,2024-12-03 23:00:00,725.51776,689.8319,8.4
Wasit,2024-12-04 00:00:00,628.84467,665.039,7.9
Wasit,2024-12-04 01:00:00,594.08057,591.5574,7.4
Wasit,2024-12-04 02:00:00,579.8888,592.423,6.8
Wasit,2024-12-04 03:00:00,594.0628,619.0707,6.3
Wasit,2024-12-04 04:00:00,668.2398,687.47876,4.9
Wasit,2024-12-04 05:00:00,839.4527,810.20074,4.7
Wasit,2024-12-04 06:00:00,921.5653,948.23724,4.6
Wasit,2024-12-04 07:00:00,939.18604,986.987,4.7
Wasit,2024-12-04 08:00:00,953.4576,992.96344,6.9
Wasit,2024-12-04 09:00:00,1004.5348,1009.19,10.4
Wasit,2024-12-04 10:00:00,1025.3008,1042.7096,13.6
Wasit,2024-12-04 11:00:00,1018.47943,1042.0381,16.1
Wasit,2024-12-04 12:00:00,998.5983,1028.2924,18.0
Wasit,2024-12-04 13:00:00,965.1517,1014.6726,19.0
Wasit,2024-12-04 14:00:00,972.81836,1005.8517,19.3
Wasit,2024-12-04 15:00:00,1028.7527,1038.4,18.9
Wasit,2024-12-04 16:00:00,1077.78,1085.6821,18.4
Wasit,2024-12-04 17:00:00,1011.1621,1087.1975,16.1
Wasit,2024-12-04 18:00:00,956.8068,992.6606,14.9
Wasit,2024-12-04 19:00:00,898.6583,922.3355,14.1
Wasit,2024-12-04 20:00:00,821.127,843.56744,13.2
Wasit,2024-12-04 21:00:00,745.3578,754.14984,12.5
Wasit,2024-12-04 22:00:00,681.9231,680.0431,11.9
Wasit,2024-12-04 23:00:00,651.9678,622.9197,11.1
Wasit,2024-12-05 00:00:00,610.15375,591.88153,10.6
Wasit,2024-12-05 01:00:00,576.4229,565.204,9.9
Wasit,2024-12-05 02:00:00,562.653,558.84235,9.2
Wasit,2024-12-05 03:00:00,576.4057,583.11707,8.5
Wasit,2024-12-05 04:00:00,648.3779,646.48926,8.2
Wasit,2024-12-05 05:00:00,814.50195,764.5049,7.9
Wasit,2024-12-05 06:00:00,894.17395,901.6472,7.7
Wasit,2024-12-05 07:00:00,911.27094,938.17126,7.6
Wasit,2024-12-05 08:00:00,925.11835,942.5175,9.4
Wasit,2024-12-05 09:00:00,974.67737,956.8534,12.1
Wasit,2024-12-05 10:00:00,994.8262,990.4505,14.7
Wasit,2024-12-05 11:00:00,988.2075,991.3307,17.1
Wasit,2024-12-05 12:00:00,968.91736,981.05286,19.1
Wasit,2024-12-05 13:00:00,936.4648,969.8682,20.3
Wasit,2024-12-05 14:00:00,943.9036,960.7367,20.6
Wasit,2024-12-05 15:00:00,998.1754,989.63055,20.0
Wasit,2024-12-05 16:00:00,1102.7576,1031.485,18.8
Wasit,2024-12-05 17:00:00,1065.1442,1074.2888,16.6
Wasit,2024-12-05 18:00:00,1017.27246,999.88367,15.5
Wasit,2024-12-05 19:00:00,967.6911,934.2653,14.8
Wasit,2024-12-05 20:00:00,912.98065,863.9949,13.7
Wasit,2024-12-05 21:00:00,848.012,795.66736,12.7
Wasit,2024-12-05 22:00:00,795.0112,729.0206,11.9
Wasit,2024-12-05 23:00:00,721.4941,686.4509,11.3
Wasit,2024-12-06 00:00:00,611.9087,630.0109,10.6
Wasit,2024-12-06 01:00:00,574.52997,551.0338,9.9
Wasit,2024-12-06 02:00:00,559.2146,551.3321,9.1
Wasit,2024-12-06 03:00:00,577.76733,579.3667,8.4
Wasit,2024-12-06 04:00:00,640.4193,647.1575,7.7
Wasit,2024-12-06 05:00:00,741.5538,754.02606,7.0
Wasit,2024-12-06 06:00:00,859.75903,850.3585,6.6
Wasit,2024-12-06 07:00:00,949.87256,926.9478,6.2
Wasit,2024-12-06 08:00:00,1018.43164,977.34436,7.3
Wasit,2024-12-06 09:00:00,1098.5747,1019.2268,9.1
Wasit,2024-12-06 10:00:00,1153.818,1066.3152,11.4
Wasit,2024-12-06 11:00:00,1134.3213,1088.3927,13.8
Wasit,2024-12-06 12:00:00,1055.2797,1064.0242,15.9
Wasit,2024-12-06 13:00:00,1004.51886,1011.9227,17.5
Wasit,2024-12-06 14:00:00,1011.42535,1002.8327,18.5
Wasit,2024-12-06 15:00:00,1033.9945,1041.2155,18.5
Wasit,2024-12-06 16:00:00,1091.0323,1076.558,17.5
Wasit,2024-12-06 17:00:00,1132.1543,1096.1116,14.9
Wasit,2024-12-06 18:00:00,1102.0833,1087.9661,13.4
Wasit,2024-12-06 19:00:00,1017.59796,1031.6368,12.6
Wasit,2024-12-06 20:00:00,938.6332,943.3593,12.1
Wasit,2024-12-06 21:00:00,872.46094,858.7275,11.3
Wasit,2024-12-06 22:00:00,785.17017,783.38513,10.8
Wasit,2024-12-06 23:00:00,734.12195,693.3567,10.2
Wasit,2024-12-07 00:00:00,603.45776,641.45325,9.8
Wasit,2024-12-07 01:00:00,566.8025,538.00726,9.2
Wasit,2024-12-07 02:00:00,551.63745,535.3927,8.6
Wasit,2024-12-07 03:00:00,565.8501,556.78796,7.8
Wasit,2024-12-07 04:00:00,631.1132,612.5125,6.4
Wasit,2024-12-07 05:00:00,716.13257,718.112,5.8
Wasit,2024-12-07 06:00:00,840.6027,820.4215,5.4
Wasit,2024-12-07 07:00:00,933.8846,927.3394,5.3
Wasit,2024-12-07 08:00:00,988.3728,996.12854,6.9
Wasit,2024-12-07 09:00:00,1017.66956,1036.7842,9.3
Wasit,2024-12-07 10:00:00,1037.8754,1050.4487,11.8
Wasit,2024-12-07 11:00:00,1025.916,1043.9968,14.1
Wasit,2024-12-07 12:00:00,986.5974,1011.042,16.2
Wasit,2024-12-07 13:00:00,960.04443,977.4778,17.7
Wasit,2024-12-07 14:00:00,974.94696,974.4693,18.6
Wasit,2024-12-07 15:00:00,1007.4122,1008.82324,18.5
Wasit,2024-12-07 16:00:00,1017.66956,1054.2972,18.1
Wasit,2024-12-07 17:00:00,1052.6467,1061.9404,15.8
Wasit,2024-12-07 18:00:00,1025.9974,1057.2747,14.5
Wasit,2024-12-07 19:00:00,962.7054,992.9719,13.8
Wasit,2024-12-07 20:00:00,904.4101,910.63556,12.9
Wasit,2024-12-07 21:00:00,836.1213,835.7611,12.1
Wasit,2024-12-07 22:00:00,754.5079,751.7664,11.2
Wasit,2024-12-07 23:00:00,682.88794,669.664,10.5
Wasit,2024-12-08 00:00:00,621.5361,597.33276,9.9
Wasit,2024-12-08 01:00:00,587.176,556.89575,9.4
Wasit,2024-12-08 02:00:00,573.14923,550.25885,8.9
Wasit,2024-12-08 03:00:00,587.15845,570.96497,8.3
Wasit,2024-12-08 04:00:00,660.4733,627.41833,7.8
Wasit,2024-12-08 05:00:00,829.6964,738.41974,7.1
Wasit,2024-12-08 06:00:00,910.8547,899.95654,6.7
Wasit,2024-12-08 07:00:00,928.2706,955.4641,6.5
Wasit,2024-12-08 08:00:00,942.3763,966.9768,8.4
Wasit,2024-12-08 09:00:00,992.85986,978.9722,10.9
Wasit,2024-12-08 10:00:00,1013.3845,1011.0686,13.3
Wasit,2024-12-08 11:00:00,1006.6424,1007.9788,15.6
Wasit,2024-12-08 12:00:00,986.9924,990.29236,17.6
Wasit,2024-12-08 13:00:00,953.93445,977.45776,19.1
Wasit,2024-12-08 14:00:00,961.512,966.0016,20.0
Wasit,2024-12-08 15:00:00,1016.79626,992.09717,20.5
Wasit,2024-12-08 16:00:00,1065.2538,1043.8767,19.5
Wasit,2024-12-08 17:00:00,999.41016,1067.913,17.9
Wasit,2024-12-08 18:00:00,945.6866,984.9397,16.8
Wasit,2024-12-08 19:00:00,888.2139,915.78235,15.6
Wasit,2024-12-08 20:00:00,811.5837,841.66626,15.0
Wasit,2024-12-08 21:00:00,736.69507,753.92456,14.5
Wasit,2024-12-08 22:00:00,673.9976,673.67816,13.9
Wasit,2024-12-08 23:00:00,644.3905,612.1886,13.4
Wasit,2024-12-09 00:00:00,561.88544,588.4536,12.7
Wasit,2024-12-09 01:00:00,530.82294,521.754,12.2
Wasit,2024-12-09 02:00:00,518.1424,521.06006,12.9
Wasit,2024-12-09 03:00:00,530.8071,547.4147,13.2
Wasit,2024-12-09 04:00:00,597.08575,605.8197,13.8
Wasit,2024-12-09 05:00:00,750.06793,715.3314,13.2
Wasit,2024-12-09 06:00:00,823.4372,844.19934,13.8
Wasit,2024-12-09 07:00:00,839.1817,877.7282,13.5
Wasit,2024-12-09 08:00:00,851.9336,880.2991,13.8
Wasit,2024-12-09 09:00:00,897.57214,893.50964,15.7
Wasit,2024-12-09 10:00:00,916.12695,926.2753,18.2
Wasit,2024-12-09 11:00:00,910.0319,930.42377,20.5
Wasit,2024-12-09 12:00:00,892.26776,921.2777,21.8
Wasit,2024-12-09 13:00:00,862.3825,910.13745,22.5
Wasit,2024-12-09 14:00:00,869.23285,900.256,23.0
Wasit,2024-12-09 15:00:00,919.21124,925.0881,22.1
Wasit,2024-12-09 16:00:00,963.0182,960.9397,21.4
Wasit,2024-12-09 17:00:00,903.4938,965.96063,19.2
Wasit,2024-12-09 18:00:00,854.9262,882.386,17.9
Wasit,2024-12-09 19:00:00,802.96936,820.80005,17.0
Wasit,2024-12-09 20:00:00,733.69354,755.37225,16.4
Wasit,2024-12-09 21:00:00,665.99225,680.79755,15.8
Wasit,2024-12-09 22:00:00,609.312,622.605,15.1
Wasit,2024-12-09 23:00:00,582.5464,572.24915,14.4
Wasit,2024-12-10 00:00:00,601.70013,546.86,13.8
Wasit,2024-12-10 01:00:00,568.4366,575.03174,13.1
Wasit,2024-12-10 02:00:00,554.8575,551.5167,12.4
Wasit,2024-12-10 03:00:00,568.4196,567.27386,11.9
Wasit,2024-12-10 04:00:00,639.3947,618.6977,11.1
Wasit,2024-12-10 05:00:00,803.2171,716.72943,10.7
Wasit,2024-12-10 06:00:00,881.7852,854.9225,10.5
Wasit,2024-12-10 07:00:00,898.6453,894.9263,10.2
Wasit,2024-12-10 08:00:00,912.30084,898.4268,11.1
Wasit,2024-12-10 09:00:00,961.1733,913.5097,12.9
Wasit,2024-12-10 10:00:00,981.0429,953.87744,14.7
Wasit,2024-12-10 11:00:00,974.516,959.431,16.6
Wasit,2024-12-10 12:00:00,955.49304,951.39417,18.6
Wasit,2024-12-10 13:00:00,923.4901,941.79224,20.1
Wasit,2024-12-10 14:00:00,930.82587,930.5671,21.0
Wasit,2024-12-10 15:00:00,984.34576,954.7837,21.1
Wasit,2024-12-10 16:00:00,1031.2567,992.9798,20.8
Wasit,2024-12-10 17:00:00,967.5145,997.61536,18.9
Wasit,2024-12-10 18:00:00,915.5055,911.9883,17.8
Wasit,2024-12-10 19:00:00,859.867,847.1478,16.8
Wasit,2024-12-10 20:00:00,785.68243,775.23303,15.8
Wasit,2024-12-10 21:00:00,713.18384,695.12573,14.9
Wasit,2024-12-10 22:00:00,652.48737,635.8994,14.2
Wasit,2024-12-10 23:00:00,623.8251,592.80774,13.5
Wasit,2024-12-11 00:00:00,579.74915,581.2097,12.7
Wasit,2024-12-11 01:00:00,547.69916,545.7895,11.9
Wasit,2024-12-11 02:00:00,534.6154,535.80225,11.1
Wasit,2024-12-11 03:00:00,547.6828,556.6677,10.4
Wasit,2024-12-11 04:00:00,616.0686,612.68677,9.2
Wasit,2024-12-11 05:00:00,773.9145,720.0447,8.6
Wasit,2024-12-11 06:00:00,849.61633,857.09625,8.0
Wasit,2024-12-11 07:00:00,865.8614,892.1838,7.5
Wasit,2024-12-11 08:00:00,879.01874,896.0709,8.6
Wasit,2024-12-11 09:00:00,926.1082,911.04285,10.4
Wasit,2024-12-11 10:00:00,945.2529,947.8172,12.6
Wasit,2024-12-11 11:00:00,938.9641,950.90076,14.9
Wasit,2024-12-11 12:00:00,920.6352,941.1414,17.0
Wasit,2024-12-11 13:00:00,889.7998,930.1674,18.5
Wasit,2024-12-11 14:00:00,896.8679,919.389,19.4
Wasit,2024-12-11 15:00:00,948.4353,944.281,19.6
Wasit,2024-12-11 16:00:00,993.63495,986.82825,19.5
Wasit,2024-12-11 17:00:00,932.21814,996.3645,17.3
Wasit,2024-12-11 18:00:00,882.10645,906.12024,16.2
Wasit,2024-12-11 19:00:00,828.49774,842.1058,14.8
Wasit,2024-12-11 20:00:00,757.01953,769.0987,13.9
Wasit,2024-12-11 21:00:00,687.1658,691.6413,13.3
Wasit,2024-12-11 22:00:00,628.6836,629.6421,12.4
Wasit,2024-12-11 23:00:00,601.067,580.8277,11.6
Wasit,2024-12-12 00:00:00,633.9262,558.7245,10.9
Wasit,2024-12-12 01:00:00,565.41565,597.0317,10.6
Wasit,2024-12-12 02:00:00,528.27185,535.9547,10.3
Wasit,2024-12-12 03:00:00,565.39874,539.97705,10.2
Wasit,2024-12-12 04:00:00,635.9966,623.20087,9.4
Wasit,2024-12-12 05:00:00,798.94836,725.0057,8.9
Wasit,2024-12-12 06:00:00,877.09894,862.1128,8.6
Wasit,2024-12-12 07:00:00,893.86945,898.1388,8.4
Wasit,2024-12-12 08:00:00,907.4524,904.43604,9.6
Wasit,2024-12-12 09:00:00,956.06506,921.4273,11.6
Wasit,2024-12-12 10:00:00,975.8291,957.69336,13.6
Wasit,2024-12-12 11:00:00,969.33685,962.0745,15.5
Wasit,2024-12-12 12:00:00,950.41504,952.4375,16.5
Wasit,2024-12-12 13:00:00,918.5822,940.28796,18.1
Wasit,2024-12-12 14:00:00,925.87897,931.1907,18.9
Wasit,2024-12-12 15:00:00,979.1144,956.1459,19.2
Wasit,2024-12-12 16:00:00,1081.6995,995.3206,18.9
Wasit,2024-12-12 17:00:00,1044.8043,1042.5281,16.8
Wasit,2024-12-12 18:00:00,997.8468,967.9482,15.7
Wasit,2024-12-12 19:00:00,949.2122,904.95593,14.6
Wasit,2024-12-12 20:00:00,895.5465,836.7268,13.9
Wasit,2024-12-12 21:00:00,831.8185,773.02155,13.6
Wasit,2024-12-12 22:00:00,779.82983,713.96783,13.4
Wasit,2024-12-12 23:00:00,707.71655,677.27985,13.4
Wasit,2024-12-13 00:00:00,565.4239,629.53186,13.4
Wasit,2024-12-13 01:00:00,518.5745,508.9929,12.9
Wasit,2024-12-13 02:00:00,488.8776,499.24893,12.9
Wasit,2024-12-13 03:00:00,505.09677,516.0499,12.6
Wasit,2024-12-13 04:00:00,559.8685,580.63806,13.1
Wasit,2024-12-13 05:00:00,648.2825,678.5514,13.1
Wasit,2024-12-13 06:00:00,751.6201,765.22284,13.3
Wasit,2024-12-13 07:00:00,830.3993,833.80804,13.4
Wasit,2024-12-13 08:00:00,890.33514,876.15466,13.9
Wasit,2024-12-13 09:00:00,960.398,911.7407,15.3
Wasit,2024-12-13 10:00:00,1008.6929,953.1478,17.0
Wasit,2024-12-13 11:00:00,991.6484,975.20154,18.9
Wasit,2024-12-13 12:00:00,922.54846,953.8182,20.1
Wasit,2024-12-13 13:00:00,878.1723,905.0092,20.9
Wasit,2024-12-13 14:00:00,884.21014,894.7445,21.1
Wasit,2024-12-13 15:00:00,903.94055,927.47534,20.8
Wasit,2024-12-13 16:00:00,953.80426,955.3299,19.9
Wasit,2024-12-13 17:00:00,989.75397,980.9288,17.9
Wasit,2024-12-13 18:00:00,963.4652,981.4759,16.6
Wasit,2024-12-13 19:00:00,889.6063,935.6365,15.6
Wasit,2024-12-13 20:00:00,820.57355,854.89215,15.0
Wasit,2024-12-13 21:00:00,762.72437,779.2293,14.4
Wasit,2024-12-13 22:00:00,686.4129,715.3883,13.8
Wasit,2024-12-13 23:00:00,641.78546,635.47925,12.6
Wasit,2024-12-14 00:00:00,753.48706,582.03796,11.9
Wasit,2024-12-14 01:00:00,707.7187,687.7274,12.1
Wasit,2024-12-14 02:00:00,688.7833,641.7099,11.4
Wasit,2024-12-14 03:00:00,706.5295,648.08655,10.3
Wasit,2024-12-14 04:00:00,788.01807,696.30023,10.1
Wasit,2024-12-14 05:00:00,894.1746,801.82385,9.9
Wasit,2024-12-14 06:00:00,1049.59,903.02057,9.1
Wasit,2024-12-14 07:00:00,1166.0632,1025.0818,8.4
Wasit,2024-12-14 08:00:00,1234.098,1102.1914,8.9
Wasit,2024-12-14 09:00:00,1270.6785,1140.6735,10.2
Wasit,2024-12-14 10:00:00,1295.9078,1163.8647,11.8
Wasit,2024-12-14 11:00:00,1280.9751,1177.0547,13.5
Wasit,2024-12-14 12:00:00,1231.8813,1168.7262,15.0
Wasit,2024-12-14 13:00:00,1198.7268,1145.074,15.6
Wasit,2024-12-14 14:00:00,1217.3345,1130.4385,15.5
Wasit,2024-12-14 15:00:00,1270.6785,1142.362,15.1
Wasit,2024-12-14 16:00:00,1314.3516,1161.7554,14.1
Wasit,2024-12-14 17:00:00,1281.0769,1161.7443,12.5
Wasit,2024-12-14 18:00:00,1202.0493,1109.8176,11.6
Wasit,2024-12-14 19:00:00,1129.2609,1034.1996,11.1
Wasit,2024-12-14 20:00:00,1071.0302,965.60284,9.9
Wasit,2024-12-14 21:00:00,1014.8791,907.39215,8.6
Wasit,2024-12-14 22:00:00,956.6483,859.25806,7.7
Wasit,2024-12-14 23:00:00,900.4972,825.90826,6.8
Wasit,2024-12-15 00:00:00,799.6574,807.65564,6.2
Wasit,2024-12-15 01:00:00,755.4503,735.2229,5.8
Wasit,2024-12-15 02:00:00,737.40375,719.1255,5.2
Wasit,2024-12-15 03:00:00,755.4278,739.0837,5.0
Wasit,2024-12-15 04:00:00,849.7534,802.3289,5.6
Wasit,2024-12-15 05:00:00,1067.4728,923.06885,5.5
Wasit,2024-12-15 06:00:00,1171.8896,1103.168,4.9
Wasit,2024-12-15 07:00:00,1194.2966,1176.1554,4.1
Wasit,2024-12-15 08:00:00,1212.4448,1197.1415,4.9
Wasit,2024-12-15 09:00:00,1277.3961,1212.8707,6.8
Wasit,2024-12-15 10:00:00,1303.8027,1247.328,9.4
Wasit,2024-12-15 11:00:00,1295.1284,1254.7166,11.6
Wasit,2024-12-15 12:00:00,1269.847,1246.5927,12.9
Wasit,2024-12-15 13:00:00,1227.3153,1239.7598,13.5
Wasit,2024-12-15 14:00:00,1237.0645,1235.3474,14.0
Wasit,2024-12-15 15:00:00,1308.1923,1254.8138,13.9
Wasit,2024-12-15 16:00:00,1370.5369,1279.4644,13.4
Wasit,2024-12-15 17:00:00,1285.8236,1275.8401,10.9
Wasit,2024-12-15 18:00:00,1216.7037,1203.0101,9.8
Wasit,2024-12-15 19:00:00,1142.7604,1131.8877,8.9
Wasit,2024-12-15 20:00:00,1044.1693,1058.7485,8.1
Wasit,2024-12-15 21:00:00,947.8189,969.7496,7.1
Wasit,2024-12-15 22:00:00,867.1535,880.5117,6.1
Wasit,2024-12-15 23:00:00,829.06146,803.0944,5.4
Wasit,2024-12-16 00:00:00,836.59674,764.7016,4.5
Wasit,2024-12-16 01:00:00,790.34753,775.5174,3.8
Wasit,2024-12-16 02:00:00,771.4673,758.40607,3.5
Wasit,2024-12-16 03:00:00,790.324,783.3341,3.3
Wasit,2024-12-16 04:00:00,889.00684,857.1073,1.9
Wasit,2024-12-16 05:00:00,1116.7836,987.9122,1.1
Wasit,2024-12-16 06:00:00,1226.0238,1149.6014,0.7
Wasit,2024-12-16 07:00:00,1249.466,1203.8386,0.2
Wasit,2024-12-16 08:00:00,1268.4524,1218.033,1.1
Wasit,2024-12-16 09:00:00,1336.404,1238.6797,3.0
Wasit,2024-12-16 10:00:00,1364.0305,1277.0356,5.6
Wasit,2024-12-16 11:00:00,1354.9556,1288.5287,8.1
Wasit,2024-12-16 12:00:00,1328.5062,1285.1544,10.4
Wasit,2024-12-16 13:00:00,1284.0098,1278.359,12.1
Wasit,2024-12-16 14:00:00,1294.2094,1273.8917,13.2
Wasit,2024-12-16 15:00:00,1368.6228,1290.3273,13.6
Wasit,2024-12-16 16:00:00,1433.8473,1312.4675,13.6
Wasit,2024-12-16 17:00:00,1345.2208,1299.9829,10.9
Wasit,2024-12-16 18:00:00,1272.9081,1223.7761,9.5
Wasit,2024-12-16 19:00:00,1195.549,1141.9768,8.5
Wasit,2024-12-16 20:00:00,1092.4036,1052.8025,7.6
Wasit,2024-12-16 21:00:00,991.6024,951.5579,6.7
Wasit,2024-12-16 22:00:00,907.2107,862.32574,5.8
Wasit,2024-12-16 23:00:00,867.3591,796.88666,4.9
Wasit,2024-12-17 00:00:00,824.4966,778.5306,4.1
Wasit,2024-12-17 01:00:00,778.9163,753.1483,3.4
Wasit,2024-12-17 02:00:00,760.3091,742.2243,3.0
Wasit,2024-12-17 03:00:00,778.893,772.0415,2.5
Wasit,2024-12-17 04:00:00,876.1486,850.5624,1.8
Wasit,2024-12-17 05:00:00,1100.6309,988.5447,1.3
Wasit,2024-12-17 06:00:00,1208.291,1148.1052,1.2
Wasit,2024-12-17 07:00:00,1231.3942,1202.2246,1.5
Wasit,2024-12-17 08:00:00,1250.106,1216.3105,3.2
Wasit,2024-12-17 09:00:00,1317.0748,1236.6184,5.7
Wasit,2024-12-17 10:00:00,1344.3018,1274.1399,8.1
Wasit,2024-12-17 11:00:00,1335.358,1284.3599,10.6
Wasit,2024-12-17 12:00:00,1309.2913,1281.2046,12.6
Wasit,2024-12-17 13:00:00,1265.4384,1275.194,13.9
Wasit,2024-12-17 14:00:00,1275.4905,1273.259,14.6
Wasit,2024-12-17 15:00:00,1348.8275,1295.4493,14.6
Wasit,2024-12-17 16:00:00,1413.1086,1319.1416,14.4
Wasit,2024-12-17 17:00:00,1325.764,1306.4388,11.8
Wasit,2024-12-17 18:00:00,1254.4972,1231.7418,10.4
Wasit,2024-12-17 19:00:00,1178.2571,1149.1074,9.4
Wasit,2024-12-17 20:00:00,1076.6035,1056.7747,8.8
Wasit,2024-12-17 21:00:00,977.26025,955.1902,8.3
Wasit,2024-12-17 22:00:00,894.0892,864.2835,7.8
Wasit,2024-12-17 23:00:00,854.81396,794.95105,7.3
Wasit,2024-12-18 00:00:00,821.15967,764.8031,6.8
Wasit,2024-12-18 01:00:00,751.4591,746.12225,6.7
Wasit,2024-12-18 02:00:00,716.81415,717.60254,6.5
Wasit,2024-12-18 03:00:00,753.6372,735.533,6.1
Wasit,2024-12-18 04:00:00,838.5848,830.2284,5.1
Wasit,2024-12-18 05:00:00,967.09515,960.81165,4.8
Wasit,2024-12-18 06:00:00,1113.0308,1063.9153,4.6
Wasit,2024-12-18 07:00:00,1136.9902,1153.3273,4.4
Wasit,2024-12-18 08:00:00,1178.5912,1165.6892,5.6
Wasit,2024-12-18 09:00:00,1241.729,1199.9425,7.7
Wasit,2024-12-18 10:00:00,1267.3983,1230.8556,9.9
Wasit,2024-12-18 11:00:00,1258.9662,1238.7584,12.2
Wasit,2024-12-18 12:00:00,1234.3907,1234.7705,14.4
Wasit,2024-12-18 13:00:00,1193.0465,1228.4736,15.6
Wasit,2024-12-18 14:00:00,1202.5236,1227.0355,15.9
Wasit,2024-12-18 15:00:00,1271.6653,1255.1016,15.7
Wasit,2024-12-18 16:00:00,1374.4078,1284.7708,15.8
Wasit,2024-12-18 17:00:00,1333.0231,1288.6797,13.8
Wasit,2024-12-18 18:00:00,1280.7477,1239.2776,12.4
Wasit,2024-12-18 19:00:00,1208.869,1167.1846,11.3
Wasit,2024-12-18 20:00:00,1136.9902,1083.5391,10.5
Wasit,2024-12-18 21:00:00,1062.9335,1002.2544,9.7
Wasit,2024-12-18 22:00:00,967.09515,929.18005,8.9
Wasit,2024-12-18 23:00:00,893.0383,851.3278,8.4
Wasit,2024-12-19 00:00:00,810.7271,791.0536,7.9
Wasit,2024-12-19 01:00:00,741.9121,730.5349,7.5
Wasit,2024-12-19 02:00:00,707.7073,701.7328,7.1
Wasit,2024-12-19 03:00:00,744.06256,721.08734,6.7
Wasit,2024-12-19 04:00:00,827.9309,806.20087,5.8
Wasit,2024-12-19 05:00:00,954.8086,922.71216,5.4
Wasit,2024-12-19 06:00:00,1098.8901,1041.3118,5.2
Wasit,2024-12-19 07:00:00,1122.5453,1130.7556,4.8
Wasit,2024-12-19 08:00:00,1163.6177,1146.1282,5.6
Wasit,2024-12-19 09:00:00,1225.9532,1179.9299,7.4
Wasit,2024-12-19 10:00:00,1251.2965,1212.4758,9.6
Wasit,2024-12-19 11:00:00,1242.9716,1219.5735,12.1
Wasit,2024-12-19 12:00:00,1218.7083,1212.6523,14.6
Wasit,2024-12-19 13:00:00,1177.8894,1204.3569,16.4
Wasit,2024-12-19 14:00:00,1187.246,1200.6241,17.2
Wasit,2024-12-19 15:00:00,1255.5093,1231.0764,17.2
Wasit,2024-12-19 16:00:00,1356.9465,1274.1783,17.3
Wasit,2024-12-19 17:00:00,1337.5923,1296.1316,14.8
Wasit,2024-12-19 18:00:00,1301.0343,1259.1532,13.2
Wasit,2024-12-19 19:00:00,1264.4763,1202.1228,12.1
Wasit,2024-12-19 20:00:00,1204.2631,1139.009,11.1
Wasit,2024-12-19 21:00:00,1144.0499,1065.7417,10.1
Wasit,2024-12-19 22:00:00,1088.1377,990.27905,9.1
Wasit,2024-12-19 23:00:00,1027.9246,928.56506,8.4
Wasit,2024-12-20 00:00:00,800.1582,869.40106,7.8
Wasit,2024-12-20 01:00:00,751.55493,705.61475,7.0
Wasit,2024-12-20 02:00:00,731.4468,693.94836,6.1
Wasit,2024-12-20 03:00:00,750.2921,728.54834,5.3
Wasit,2024-12-20 04:00:00,836.8281,802.5503,3.7
Wasit,2024-12-20 05:00:00,949.56,925.1824,3.0
Wasit,2024-12-20 06:00:00,1114.6019,1042.5598,2.8
Wasit,2024-12-20 07:00:00,1238.2896,1146.5378,2.9
Wasit,2024-12-20 08:00:00,1310.5385,1216.385,4.3
Wasit,2024-12-20 09:00:00,1349.3846,1253.352,7.2
Wasit,2024-12-20 10:00:00,1376.1768,1272.5105,10.1
Wasit,2024-12-20 11:00:00,1360.3191,1278.8416,12.6
Wasit,2024-12-20 12:00:00,1308.1844,1267.7555,14.6
Wasit,2024-12-20 13:00:00,1272.9763,1250.7712,14.9
Wasit,2024-12-20 14:00:00,1292.7365,1253.2693,14.8
Wasit,2024-12-20 15:00:00,1349.3846,1282.4705,14.8
Wasit,2024-12-20 16:00:00,1395.7628,1316.9038,15.1
Wasit,2024-12-20 17:00:00,1360.4271,1322.5796,15.4
Wasit,2024-12-20 18:00:00,1276.5046,1291.1278,15.6
Wasit,2024-12-20 19:00:00,1199.2076,1232.5967,14.4
Wasit,2024-12-20 20:00:00,1137.37,1151.9568,14.1
Wasit,2024-12-20 21:00:00,1077.741,1076.3696,13.6
Wasit,2024-12-20 22:00:00,1015.9033,993.60315,12.5
Wasit,2024-12-20 23:00:00,956.27423,905.6963,11.5
Wasit,2024-12-21 00:00:00,757.23834,806.214,12.0
Wasit,2024-12-21 01:00:00,711.24207,663.213,10.8
Wasit,2024-12-21 02:00:00,692.21246,645.58575,11.1
Wasit,2024-12-21 03:00:00,710.047,677.07355,11.1
Wasit,2024-12-21 04:00:00,791.9412,751.6122,11.8
Wasit,2024-12-21 05:00:00,898.6263,876.24835,10.9
Wasit,2024-12-21 06:00:00,1054.8154,1000.86584,10.1
Wasit,2024-12-21 07:00:00,1171.8687,1123.7104,9.9
Wasit,2024-12-21 08:00:00,1240.2421,1193.3593,9.9
Wasit,2024-12-21 09:00:00,1277.0046,1225.0054,10.6
Wasit,2024-12-21 10:00:00,1302.3596,1241.7704,11.6
Wasit,2024-12-21 11:00:00,1287.3525,1251.1458,12.4
Wasit,2024-12-21 12:00:00,1238.0143,1244.5118,12.6
Wasit,2024-12-21 13:00:00,1204.6948,1232.5845,13.4
Wasit,2024-12-21 14:00:00,1223.395,1240.3752,13.9
Wasit,2024-12-21 15:00:00,1277.0046,1268.9844,13.9
Wasit,2024-12-21 16:00:00,1320.8951,1293.5825,14.6
Wasit,2024-12-21 17:00:00,1287.4547,1292.7687,13.1
Wasit,2024-12-21 18:00:00,1208.0338,1251.332,12.1
Wasit,2024-12-21 19:00:00,1134.883,1184.4371,11.4
Wasit,2024-12-21 20:00:00,1076.3623,1112.6094,11.1
Wasit,2024-12-21 21:00:00,1019.9317,1043.9596,10.8
Wasit,2024-12-21 22:00:00,961.411,975.8222,9.8
Wasit,2024-12-21 23:00:00,904.98035,900.71124,9.1
Wasit,2024-12-22 00:00:00,766.92615,813.22876,8.8
Wasit,2024-12-22 01:00:00,701.829,711.82935,8.4
Wasit,2024-12-22 02:00:00,669.4721,677.6465,8.0
Wasit,2024-12-22 03:00:00,703.8632,682.91504,7.7
Wasit,2024-12-22 04:00:00,783.20044,762.9949,7.3
Wasit,2024-12-22 05:00:00,903.2233,875.3135,7.0
Wasit,2024-12-22 06:00:00,1039.5205,992.89825,6.8
Wasit,2024-12-22 07:00:00,1061.8977,1099.8286,6.7
Wasit,2024-12-22 08:00:00,1100.7511,1116.2101,7.3
Wasit,2024-12-22 09:00:00,1159.719,1144.458,8.9
Wasit,2024-12-22 10:00:00,1183.693,1176.6912,10.6
Wasit,2024-12-22 11:00:00,1175.8177,1181.5242,12.5
Wasit,2024-12-22 12:00:00,1152.8654,1173.0679,14.4
Wasit,2024-12-22 13:00:00,1114.2517,1165.2336,15.9
Wasit,2024-12-22 14:00:00,1123.1028,1160.9802,16.8
Wasit,2024-12-22 15:00:00,1187.6781,1191.113,16.8
Wasit,2024-12-22 16:00:00,1283.635,1232.289,16.0
Wasit,2024-12-22 17:00:00,1244.9835,1249.9435,14.1
Wasit,2024-12-22 18:00:00,1196.1606,1199.1763,12.9
Wasit,2024-12-22 19:00:00,1129.0292,1140.3005,12.1
Wasit,2024-12-22 20:00:00,1061.8977,1069.7295,11.3
Wasit,2024-12-22 21:00:00,992.732,996.48267,10.5
Wasit,2024-12-22 22:00:00,903.2233,921.7263,9.8
Wasit,2024-12-22 23:00:00,834.0576,829.30176,9.1
Wasit,2024-12-23 00:00:00,719.00684,750.3765,8.5
Wasit,2024-12-23 01:00:00,657.97705,664.6069,8.0
Wasit,2024-12-23 02:00:00,627.64197,640.7676,7.7
Wasit,2024-12-23 03:00:00,659.8843,659.26263,7.4
Wasit,2024-12-23 04:00:00,734.2643,739.8458,7.1
Wasit,2024-12-23 05:00:00,846.7879,847.2501,6.7
Wasit,2024-12-23 06:00:00,974.569,953.7964,6.4
Wasit,2024-12-23 07:00:00,995.5479,1035.706,6.2
Wasit,2024-12-23 08:00:00,1031.9738,1045.5143,6.9
Wasit,2024-12-23 09:00:00,1087.2571,1077.0901,8.5
Wasit,2024-12-23 10:00:00,1109.7332,1109.14,10.4
Wasit,2024-12-23 11:00:00,1102.35,1109.1016,12.3
Wasit,2024-12-23 12:00:00,1080.8317,1094.4673,13.9
Wasit,2024-12-23 13:00:00,1044.6307,1081.4463,15.1
Wasit,2024-12-23 14:00:00,1052.9288,1076.9146,15.9
Wasit,2024-12-23 15:00:00,1113.4692,1115.2892,16.2
Wasit,2024-12-23 16:00:00,1203.4305,1178.7979,15.9
Wasit,2024-12-23 17:00:00,1167.1941,1219.6368,14.1
Wasit,2024-12-23 18:00:00,1121.4218,1163.539,12.6
Wasit,2024-12-23 19:00:00,1058.4849,1099.3103,11.2
Wasit,2024-12-23 20:00:00,995.5479,1021.8834,10.3
Wasit,2024-12-23 21:00:00,930.7038,943.6669,9.8
Wasit,2024-12-23 22:00:00,846.7879,862.37164,9.3
Wasit,2024-12-23 23:00:00,781.9438,773.38916,8.6
Wasit,2024-12-24 00:00:00,680.8324,707.52435,7.7
Wasit,2024-12-24 01:00:00,623.0429,629.32806,7.1
Wasit,2024-12-24 02:00:00,594.3184,607.6079,6.7
Wasit,2024-12-24 03:00:00,624.8488,624.3016,6.3
Wasit,2024-12-24 04:00:00,695.2798,701.61194,5.8
Wasit,2024-12-24 05:00:00,801.8291,804.7459,5.4
Wasit,2024-12-24 06:00:00,922.82587,905.70465,5.2
Wasit,2024-12-24 07:00:00,942.691,985.438,4.9
Wasit,2024-12-24 08:00:00,977.1828,990.4473,5.8
Wasit,2024-12-24 09:00:00,1029.531,1021.4987,7.8
Wasit,2024-12-24 10:00:00,1050.8137,1053.3048,10.6
Wasit,2024-12-24 11:00:00,1043.8226,1053.5001,13.3
Wasit,2024-12-24 12:00:00,1023.4468,1038.4565,15.1
Wasit,2024-12-24 13:00:00,989.16785,1022.5752,16.1
Wasit,2024-12-24 14:00:00,997.0253,1013.226,16.8
Wasit,2024-12-24 15:00:00,1054.3514,1049.0111,17.0
Wasit,2024-12-24 16:00:00,1139.5365,1109.3196,16.5
Wasit,2024-12-24 17:00:00,1105.2239,1155.1941,14.7
Wasit,2024-12-24 18:00:00,1061.8818,1091.4276,13.6
Wasit,2024-12-24 19:00:00,1002.28644,1031.4272,12.1
Wasit,2024-12-24 20:00:00,942.691,954.0154,10.9
Wasit,2024-12-24 21:00:00,881.2897,877.5755,10.2
Wasit,2024-12-24 22:00:00,801.8291,801.11176,9.6
Wasit,2024-12-24 23:00:00,740.4278,722.3899,8.9
Wasit,2024-12-25 00:00:00,645.2825,662.39276,8.2
Wasit,2024-12-25 01:00:00,585.57806,588.99646,7.6
Wasit,2024-12-25 02:00:00,569.91064,566.2699,7.1
Wasit,2024-12-25 03:00:00,584.5941,595.6997,6.6
Wasit,2024-12-25 04:00:00,652.0191,655.09204,6.4
Wasit,2024-12-25 05:00:00,739.8548,760.0752,6.3
Wasit,2024-12-25 06:00:00,868.44806,849.76514,6.2
Wasit,2024-12-25 07:00:00,964.81995,938.64703,5.7
Wasit,2024-12-25 08:00:00,1021.11304,997.2522,6.8
Wasit,2024-12-25 09:00:00,1051.3802,1031.5809,8.9
Wasit,2024-12-25 10:00:00,1072.2555,1043.8988,11.3
Wasit,2024-12-25 11:00:00,1059.8999,1047.62,13.6
Wasit,2024-12-25 12:00:00,1019.2789,1029.1682,15.4
Wasit,2024-12-25 13:00:00,991.8463,1000.7153,16.5
Wasit,2024-12-25 14:00:00,1007.2425,1000.54736,17.2
Wasit,2024-12-25 15:00:00,1051.3802,1040.7925,17.3
Wasit,2024-12-25 16:00:00,1087.5161,1089.9082,17.0
Wasit,2024-12-25 17:00:00,1059.984,1096.389,14.5
Wasit,2024-12-25 18:00:00,994.5954,1040.9838,13.2
Wasit,2024-12-25 19:00:00,934.369,963.7356,12.4
Wasit,2024-12-25 20:00:00,886.1879,892.95984,12.0
Wasit,2024-12-25 21:00:00,839.7276,830.0193,11.3
Wasit,2024-12-25 22:00:00,791.5465,766.7155,10.4
Wasit,2024-12-25 23:00:00,745.0862,710.4171,9.8
Wasit,2024-12-26 00:00:00,672.66785,658.4625,9.0
Wasit,2024-12-26 01:00:00,615.4911,599.0373,8.3
Wasit,2024-12-26 02:00:00,591.9477,574.1022,7.7
Wasit,2024-12-26 03:00:00,622.2177,588.6389,6.9
Wasit,2024-12-26 04:00:00,672.66785,662.088,6.2
Wasit,2024-12-26 05:00:00,746.6613,748.6264,5.7
Wasit,2024-12-26 06:00:00,859.3331,842.48175,5.2
Wasit,2024-12-26 07:00:00,877.83154,940.1597,5.1
Wasit,2024-12-26 08:00:00,909.9502,946.79675,6.2
Wasit,2024-12-26 09:00:00,958.6967,971.85394,8.8
Wasit,2024-12-26 10:00:00,978.51514,1000.5363,11.6
Wasit,2024-12-26 11:00:00,972.005,996.75946,14.4
Wasit,2024-12-26 12:00:00,953.03107,978.88715,16.5
Wasit,2024-12-26 13:00:00,921.11066,964.2629,17.9
Wasit,2024-12-26 14:00:00,928.4275,952.2825,18.6
Wasit,2024-12-26 15:00:00,981.80945,976.1856,19.0
Wasit,2024-12-26 16:00:00,1061.1335,1020.97266,18.7
Wasit,2024-12-26 17:00:00,1045.9984,1062.2181,16.5
Wasit,2024-12-26 18:00:00,1017.4101,1005.801,15.7
Wasit,2024-12-26 19:00:00,988.8217,958.38275,14.7
Wasit,2024-12-26 20:00:00,941.735,911.91077,14.1
Wasit,2024-12-26 21:00:00,894.6482,852.11945,13.9
Wasit,2024-12-26 22:00:00,850.9248,796.2354,13.8
Wasit,2024-12-26 23:00:00,803.8381,746.2073,13.6
Wasit,2024-12-27 00:00:00,571.00165,696.55164,13.6
Wasit,2024-12-27 01:00:00,561.8096,502.69208,13.6
Wasit,2024-12-27 02:00:00,520.77,544.32153,13.8
Wasit,2024-12-27 03:00:00,509.70682,540.0797,14.2
Wasit,2024-12-27 04:00:00,545.45825,572.04144,15.1
Wasit,2024-12-27 05:00:00,631.59656,647.32715,14.9
Wasit,2024-12-27 06:00:00,732.27435,751.3441,15.2
Wasit,2024-12-27 07:00:00,809.0259,824.5079,15.9
Wasit,2024-12-27 08:00:00,867.41907,870.21375,16.6
Wasit,2024-12-27 09:00:00,935.6786,903.1606,17.8
Wasit,2024-12-27 10:00:00,982.7304,940.63586,19.8
Wasit,2024-12-27 11:00:00,966.12463,958.9689,20.8
Wasit,2024-12-27 12:00:00,898.8032,934.28754,22.1
Wasit,2024-12-27 13:00:00,855.5693,885.95294,21.9
Wasit,2024-12-27 14:00:00,861.45166,871.9513,20.1
Wasit,2024-12-27 15:00:00,880.6743,896.7429,21.0
Wasit,2024-12-27 16:00:00,929.2545,929.24115,20.4
Wasit,2024-12-27 17:00:00,964.279,962.0508,18.2
Wasit,2024-12-27 18:00:00,938.6669,972.1538,19.0
Wasit,2024-12-27 19:00:00,866.709,941.13544,19.0
Wasit,2024-12-27 20:00:00,799.45306,866.5663,18.0
Wasit,2024-12-27 21:00:00,743.09283,793.0875,17.5
Wasit,2024-12-27 22:00:00,668.7455,727.0014,16.9
Wasit,2024-12-27 23:00:00,625.2667,645.1348,16.2
Wasit,2024-12-28 00:00:00,601.2387,579.57166,15.6
Wasit,2024-12-28 01:00:00,545.60944,565.2106,14.9
Wasit,2024-12-28 02:00:00,531.0114,518.5451,15.1
Wasit,2024-12-28 03:00:00,544.6926,529.6642,14.6
Wasit,2024-12-28 04:00:00,607.5155,571.49457,14.7
Wasit,2024-12-28 05:00:00,689.35596,663.71625,14.6
Wasit,2024-12-28 06:00:00,809.1721,743.64404,14.2
Wasit,2024-12-28 07:00:00,898.9661,846.25507,14.1
Wasit,2024-12-28 08:00:00,951.41693,913.038,14.4
Wasit,2024-12-28 09:00:00,979.6183,951.03076,15.4
Wasit,2024-12-28 10:00:00,999.06866,967.77057,16.4
Wasit,2024-12-28 11:00:00,987.5564,971.04395,16.2
Wasit,2024-12-28 12:00:00,949.70795,947.86456,15.3
Wasit,2024-12-28 13:00:00,924.1478,920.3219,15.6
Wasit,2024-12-28 14:00:00,938.49316,919.38947,16.2
Wasit,2024-12-28 15:00:00,979.6183,948.33826,16.2
Wasit,2024-12-28 16:00:00,1013.28766,992.13983,16.2
Wasit,2024-12-28 17:00:00,987.6348,1013.3415,14.2
Wasit,2024-12-28 18:00:00,926.7093,966.6602,13.2
Wasit,2024-12-28 19:00:00,870.5937,893.9424,12.4
Wasit,2024-12-28 20:00:00,825.7012,830.87665,11.7
Wasit,2024-12-28 21:00:00,782.412,780.4071,10.7
Wasit,2024-12-28 22:00:00,737.5195,736.18414,9.9
Wasit,2024-12-28 23:00:00,694.2303,693.72327,9.5
Wasit,2024-12-29 00:00:00,677.9516,654.16644,9.0
Wasit,2024-12-29 01:00:00,620.4066,640.56,8.5
Wasit,2024-12-29 02:00:00,591.80365,595.0941,8.1
Wasit,2024-12-29 03:00:00,622.2049,597.239,7.8
Wasit,2024-12-29 04:00:00,692.3378,660.9962,8.0
Wasit,2024-12-29 05:00:00,798.43634,749.11426,7.2
Wasit,2024-12-29 06:00:00,918.92114,852.8307,6.8
Wasit,2024-12-29 07:00:00,938.7022,946.8302,6.7
Wasit,2024-12-29 08:00:00,973.0481,951.42145,7.8
Wasit,2024-12-29 09:00:00,1025.1748,979.6865,10.2
Wasit,2024-12-29 10:00:00,1046.3674,1014.2876,12.7
Wasit,2024-12-29 11:00:00,1039.4059,1017.5462,14.6
Wasit,2024-12-29 12:00:00,1019.1163,1005.40405,15.9
Wasit,2024-12-29 13:00:00,984.9824,994.43036,16.8
Wasit,2024-12-29 14:00:00,992.80664,982.84174,17.4
Wasit,2024-12-29 15:00:00,1049.8903,1007.78503,17.5
Wasit,2024-12-29 16:00:00,1134.7147,1046.7515,17.1
Wasit,2024-12-29 17:00:00,1100.5474,1081.9944,15.6
Wasit,2024-12-29 18:00:00,1057.3887,1016.08356,13.9
Wasit,2024-12-29 19:00:00,998.0455,958.6581,12.6
Wasit,2024-12-29 20:00:00,938.7022,892.8036,11.9
Wasit,2024-12-29 21:00:00,877.56067,832.0347,11.1
Wasit,2024-12-29 22:00:00,798.43634,772.28455,10.2
Wasit,2024-12-29 23:00:00,737.29486,707.01685,9.9
Wasit,2024-12-30 00:00:00,709.13666,665.88586,9.7
Wasit,2024-12-30 01:00:00,648.9447,649.6741,8.8
Wasit,2024-12-30 02:00:00,619.026,615.4694,7.9
Wasit,2024-12-30 03:00:00,650.8257,627.5535,7.1
Wasit,2024-12-30 04:00:00,724.18463,704.0654,7.2
Wasit,2024-12-30 05:00:00,835.1636,808.43964,7.0
Wasit,2024-12-30 06:00:00,961.19055,913.3428,6.7
Wasit,2024-12-30 07:00:00,981.88153,996.77167,6.4
Wasit,2024-12-30 08:00:00,1017.8073,1001.88354,7.6
Wasit,2024-12-30 09:00:00,1072.3318,1033.2561,10.2
Wasit,2024-12-30 10:00:00,1094.4993,1066.9373,13.1
Wasit,2024-12-30 11:00:00,1087.2175,1067.0662,15.3
Wasit,2024-12-30 12:00:00,1065.9946,1052.7115,16.8
Wasit,2024-12-30 13:00:00,1030.2905,1041.1173,17.4
Wasit,2024-12-30 14:00:00,1038.4747,1033.8481,17.4
Wasit,2024-12-30 15:00:00,1098.1841,1066.5765,17.1
Wasit,2024-12-30 16:00:00,1185.0294,1122.0289,16.5
Wasit,2024-12-30 17:00:00,1151.1715,1155.1539,14.4
Wasit,2024-12-30 18:00:00,1106.0275,1094.5012,13.4
Wasit,2024-12-30 19:00:00,1043.9545,1035.2595,12.9
Wasit,2024-12-30 20:00:00,981.88153,964.51685,12.4
Wasit,2024-12-30 21:00:00,917.92755,892.60815,11.7
Wasit,2024-12-30 22:00:00,835.1636,819.108,10.7
Wasit,2024-12-30 23:00:00,771.20966,739.9269,10.0
Wasit,2024-12-31 00:00:00,728.4465,692.32654,9.5
Wasit,2024-12-31 01:00:00,666.6155,663.8744,8.9
Wasit,2024-12-31 02:00:00,635.88214,633.07556,8.4
Wasit,2024-12-31 03:00:00,668.5477,648.93945,8.0
Wasit,2024-12-31 04:00:00,743.90424,727.5039,8.1
Wasit,2024-12-31 05:00:00,857.90515,833.4267,7.7
Wasit,2024-12-31 06:00:00,950.6517,941.21686,7.2
Wasit,2024-12-31 07:00:00,975.7705,1000.3468,6.9
Wasit,2024-12-31 08:00:00,1045.5222,1014.21045,7.8
Wasit,2024-12-31 09:00:00,1101.5314,1067.6062,9.8
Wasit,2024-12-31 10:00:00,1124.3025,1093.8674,12.3
Wasit,2024-12-31 11:00:00,1116.8225,1094.3383,14.9
Wasit,2024-12-31 12:00:00,1095.0216,1081.7789,16.8
Wasit,2024-12-31 13:00:00,1058.3455,1072.0048,17.6
Wasit,2024-12-31 14:00:00,1066.7524,1066.5559,17.8
Wasit,2024-12-31 15:00:00,1128.0876,1101.3354,17.5
Wasit,2024-12-31 16:00:00,1219.2301,1160.7565,17.3
Wasit,2024-12-31 17:00:00,1201.8401,1194.8542,15.4
Wasit,2024-12-31 18:00:00,1168.9924,1145.6407,14.2
Wasit,2024-12-31 19:00:00,1136.1447,1089.7565,13.6
Wasit,2024-12-31 20:00:00,1082.0425,1034.6776,13.1
Wasit,2024-12-31 21:00:00,1027.9404,966.4299,12.4
Wasit,2024-12-31 22:00:00,977.7027,900.3649,11.4
Wasit,2024-12-31 23:00:00,923.6006,843.8996,10.8
